-- =============================================================
-- seed.sql — Full data load for Supabase
-- Run AFTER schema.sql
-- Generated automatically from content.json CSVs
-- =============================================================

-- experience (14 rows)
INSERT INTO experience (id, date_es, date_en, title_es, title_en, company, description_es, description_en, sort_order) VALUES
  (1, 'Ene 2025 - actualidad', 'Jan 2025 - Present', 'Data & Analytics Technical Leader', 'Data & Analytics Technical Leader', 'Mercado Libre', '<li>Lideré un equipo de +6 analistas y científicos de datos, impulsando una cultura de innovación que permitió aumentar un 30% la adopción de soluciones de IA en áreas clave del negocio.</li><li>Diseñé una API forense unificada para productos de Security en User Accounts con Python + Flask, desplegada en serverless de baja latencia.</li><li>Implementé un ecosistema MCP para consumo seguro de la API forense vía LLMs: accesos desde IDEs y Meli-GPT, y automatizaciones vía Verdi-Flow (n8n).</li><li>Alineé la estrategia de Data & Analytics con los objetivos corporativos priorizando iniciativas de alto impacto que contribuyeron a aumentar la eficiencia operativa en un 20%.</li><li>Fomenté una cultura de alto rendimiento mediante mentoring, programas de upskilling y metodologías ágiles, elevando el eNPS del equipo en más de 25 puntos en menos de un año.</li><li>Implementé soluciones analíticas que redujeron el tiempo de análisis de datos en un 40%, mediante modelos predictivos, dashboards dinámicos y automatización de reportes.</li><li>Diseñé e implementé arquitecturas RAG para sistemas de knowledge management, mejorando la precisión contextual de las respuestas generadas por LLMs en un 35%.</li><li>Lideré la evaluación y adopción de tecnologías emergentes (MLOps, vector DBs, LLMs), manteniendo al equipo a la vanguardia y acelerando el time-to-market de soluciones de IA en un 50%.</li><li>Impulsé proyectos de transformación basada en datos que resolvieron desafíos complejos de negocio, generando +USD 500K en impacto estimado anual.</li>', '<li>Led a team of +6 analysts and data scientists, fostering a culture of innovation that increased AI solution adoption by 30% in key business areas.</li><li>Designed a unified forensic API for Security products in User Accounts with Python + Flask, deployed in serverless with low latency.</li><li>Implemented an MCP ecosystem for secure consumption of the forensic API via LLMs: access from IDEs and Meli-GPT, and automations via Verdi-Flow (n8n).</li><li>Aligned Data & Analytics strategy with corporate objectives, prioritizing high-impact initiatives that increased operational efficiency by 20%.</li><li>Fostered a high-performance culture through mentoring, upskilling, and agile methodologies, raising team eNPS by over 25 points in less than a year.</li><li>Implemented analytical solutions that reduced data analysis time by 40% through predictive models, dynamic dashboards, and report automation.</li><li>Designed and implemented RAG architectures for knowledge management systems, improving contextual accuracy of LLM responses by 35%.</li><li>Led the evaluation and adoption of emerging technologies (MLOps, vector DBs, LLMs), keeping the team at the forefront and accelerating the time-to-market for AI solutions by 50%.</li><li>Drove data-driven transformation projects that solved complex business challenges, generating an estimated annual impact of +USD 500K.</li>', 0),
  (2, 'Dic 2023 - Feb 2025', 'Dec 2023 - Feb 2025', 'Sr Data & Analytics Engineer', 'Sr. Data & Analytics Engineer', 'Mercado Libre', '<li>Diseñé, construí y mantuve el modelo de datos de login (MP, ML, ME), asegurando su disponibilidad y confiabilidad a nivel organizacional.</li><li>Desarrollé dashboards estratégicos para monitorear métricas clave como conversión de login, recuperación de cuentas y uso de factores de autenticación.</li><li>Automaticé la actualización diaria de los modelos de datos mediante scripts eficientes, reduciendo significativamente el costo operativo y la intervención manual.</li><li>Construí una API REST desde cero para analizar transacciones de login y automatizar decisiones en Customer Experience, Prevención de Fraude y GIN.</li><li>Lideré la migración del modelo de autenticación de Amazon Athena a Google BigQuery, mejorando la escalabilidad, velocidad y mantenibilidad de la infraestructura de datos.</li><li>Implementé prácticas de seguridad avanzadas en los procesos de autenticación, fortaleciendo la protección del acceso de usuarios y la robustez del sistema.</li>', '<li>Designed, built, and maintained the login data model (MP, ML, ME), ensuring its organizational availability and reliability.</li><li>Developed strategic dashboards to monitor key metrics such as login conversion, account recovery, and use of authentication factors.</li><li>Automated the daily update of data models through efficient scripts, significantly reducing operational cost and manual intervention.</li><li>Built a REST API from scratch to analyze login transactions and automate decisions in Customer Experience, Fraud Prevention, and GIN.</li><li>Led the migration of the authentication model from Amazon Athena to Google BigQuery, improving the scalability, speed, and maintainability of the data infrastructure.</li><li>Implemented advanced security practices in authentication processes, strengthening user access protection and system robustness.</li>', 1),
  (3, 'May 2022 - Dic 2023', 'May 2022 - Dec 2023', 'Shipping Product Owner', 'Shipping Product Owner', 'Mercado Libre', '<li>Detecté oportunidades de mejora y nuevas funcionalidades a partir del análisis de datos de uso y feedback de usuarios.</li><li>Colaboré con equipos de desarrollo y áreas de negocio para definir la estrategia y roadmap del producto, asegurando la alineación con los objetivos corporativos.</li><li>Realicé análisis de mercado y competencia para sustentar decisiones estratégicas.</li><li>Gestioné el backlog priorizando funcionalidades según impacto y viabilidad, mejorando la eficiencia en la entrega.</li><li>Monitoreé métricas clave de negocio y producto (adopción, conversión, retención), impulsando decisiones de optimización.</li>', '<li>Identified improvement opportunities and new functionalities from usage data analysis and user feedback.</li><li>Collaborated with development and business teams to define the product strategy and roadmap, ensuring alignment with corporate objectives.</li><li>Conducted market and competitor analysis to support strategic decisions.</li><li>Managed the backlog by prioritizing functionalities according to impact and feasibility, improving delivery efficiency.</li><li>Monitored key business and product metrics (adoption, conversion, retention), driving optimization decisions.</li>', 2),
  (4, 'Ene 2021 - Jun 2022', 'Jan 2021 - Jun 2022', 'Cross Docking Sr. Analyst', 'Sr. Cross Docking Analyst', 'Mercado Libre', '<li>Estandaricé KPIs y reportes a nivel regional, definiendo métricas clave que permitieron un análisis consistente y comparativo entre países y unidades operativas.</li><li>Implementé un sistema de monitoreo de indicadores operativos críticos, optimizando la eficiencia del negocio y mejorando la experiencia del cliente en puntos clave del journey.</li><li>Lideré iniciativas de mejora continua en operaciones de cross docking en MLA, logrando reducciones en tiempos de procesamiento y costos logísticos.</li><li>Coordiné directamente con operadores logísticos (3PL), negociando acuerdos y planificando acciones que mejoraron el rendimiento y la confiabilidad del servicio.</li><li>Planifiqué y executé la expansión de infraestructura logística mediante la apertura de nuevos centros de cross docking en Argentina, aumentando la capacidad operativa y reduciendo costos de botella.</li>', '<li>Standardized KPIs and reports at a regional level, defining key metrics that allowed for consistent and comparative analysis between countries and operational units.</li><li>Implemented a monitoring system for critical operational indicators, optimizing business efficiency and improving the customer experience at key journey points.</li><li>Led continuous improvement initiatives in cross-docking operations in MLA, achieving reductions in processing times and logistics costs.</li><li>Coordinated directly with logistics operators (3PL), negotiating agreements and planning actions that improved service performance and reliability.</li><li>Planned and executed the expansion of logistics infrastructure through the opening of new cross-docking centers in Argentina, increasing operational capacity and reducing bottleneck costs.</li>', 3),
  (5, 'Ago 2020 - Ene 2021', 'Aug 2020 - Jan 2021', 'Cross Docking Ssr. Analyst', 'Ssr. Cross Docking Analyst', 'Mercado Libre', '<li>Monitoreé y analicé KPIs operativos como Out On Time, In On Time y NPS de forma diaria, contribuyendo a la optimización de la operación de Mercado Envíos.</li><li>Detecté oportunidades de mejora a través del análisis de procesos operativos, impulsando acciones correctivas que elevaron la eficiencia y calidad del servicio.</li><li>Diseñé e implementé planes de capacitación para equipos operativos, mejorando los tiempos de ejecución y fortaleciendo el cumplimiento de estándares internos.</li><li>Realicé auditorías a proveedores logísticos, evaluando su desempeño y garantizando el cumplimiento de los niveles de servicio establecidos por la compañía.</li>', '<li>Monitored and analyzed operational KPIs such as Out On Time, In On Time, and NPS on a daily basis, contributing to the optimization of the Mercado Envíos operation.</li><li>Identified improvement opportunities through the analysis of operational processes, driving corrective actions that increased service efficiency and quality.</li><li>Designed and implemented training plans for operational teams, improving execution times and strengthening compliance with internal standards.</li><li>Conducted audits of logistics providers, evaluating their performance and ensuring compliance with the service levels established by the company.</li>', 4),
  (6, 'May 2019 - Ago 2020', 'May 2019 - Aug 2020', 'Cross Docking Team Leader', 'Cross Docking Team Leader', 'Mercado Libre', '<li>Lideré y coordiné equipos operativos en inbound, sorting, outbound y dispatch, asegurando el cumplimiento consistente de objetivos clave de productividad y calidad.</li><li>Fomenté una cultura de trabajo motivadora, equilibrando la priorización de metas con el bienestar y disfrute del equipo, aumentando el compromiso y la retención.</li><li>Implementé procesos de feedback individual y grupal, junto con actividades motivacionales y planes de desarrollo, mejorando el desempeño y la cohesión del equipo.</li><li>Optimicé la gestión de tiempos productivos, ausencias y llegadas tardías, incrementando la eficiencia operativa y reduciendo pérdidas de productividad.</li><li>Analicé el desempeño del equipo y diseñé estrategias de mejora continua que incrementaron la productividad general de la operación.</li>', '<li>Led and coordinated operational teams in inbound, sorting, outbound, and dispatch, ensuring consistent achievement of key productivity and quality objectives.</li><li>Fostered a motivating work culture, balancing goal prioritization with team well-being and enjoyment, increasing commitment and retention.</li><li>Implemented individual and group feedback processes, along with motivational activities and development plans, improving team performance and cohesion.</li><li>Optimized the management of productive times, absences, and late arrivals, increasing operational efficiency and reducing productivity losses.</li><li>Analyzed team performance and designed continuous improvement strategies that increased the overall productivity of the operation.</li>', 5),
  (13, 'Feb 2026 - actualidad', 'Feb 2026 - Present', 'Data Science Instructor', 'Data Science Instructor', 'Henry', '<li>Instructor de Machine Learning y Deep Learning: Facilitación de clases teóricas y prácticas enfocadas en el ciclo de vida completo de modelos predictivos.</li><li>Desarrollo de contenido educativo avanzado sobre aprendizaje supervisado y no supervisado utilizando el stack profesional de Python.</li><li>Mentoría técnica y acompañamiento individualizado a estudiantes en la optimización de modelos.</li>', '<li>Machine Learning and Deep Learning Instructor: Facilitating theoretical and practical classes focused on the complete lifecycle of predictive models.</li><li>Development of advanced educational content on supervised and unsupervised learning using Python''s professional stack.</li><li>Technical mentoring and individualized support to students on model optimization.</li>', 6),
  (14, 'Oct 2025 - actualidad', 'Oct 2025 - Present', 'AI Automation Instructor', 'AI Automation Instructor', 'Henry', '<li>Instructor de Automatización e Inteligencia Artificial Generativa: Facilitación de clases sobre n8n y herramientas de GenAI para diseñar flujos automatizados.</li><li>Desarrollo de contenido educativo práctico sobre automatización low-code/no-code y aprovechamiento de modelos de lenguaje.</li><li>Mentoría técnica y acompañamiento individualizado para potenciar el pensamiento lógico de los estudiantes.</li>', '<li>Automation and Generative AI Instructor: Facilitating classes on n8n and GenAI tools to design automated workflows.</li><li>Development of practical educational content on low-code/no-code automation and strategic use of language models.</li><li>Technical mentoring and individualized support to enhance students'' logical thinking.</li>', 7),
  (7, 'Dic 2024 - Feb 2026', 'Dec 2024 - Feb 2026', 'Data & Analytics Expert', 'Data & Analytics Expert', 'Henry', '<li>Liderazgo académico en Data & Analytics: Diseño de experiencias educativas transformadoras en herramientas clave como Power BI, Excel y Looker Studio.</li><li>Diseño instruccional y estructuración de contenidos: Maquetación de cursos con enfoque pedagógico, definiendo temáticas, secuencia de aprendizaje y recursos didácticos.</li><li>Desarrollo de proyectos aplicados: Creación de proyectos integradores que promueven el aprendizaje activo y la aplicación práctica de conceptos.</li><li>Elaboración de materiales didácticos de calidad: Redacción de soluciones, ejercicios y explicaciones detalladas que fortalecen el proceso de aprendizaje.</li><li>Planificación académica estratégica: Definición de programas de curso con objetivos claros, cronograma preciso y criterios de evaluación alineados al perfil profesional buscado.</li><li>Compromiso con la excelencia educativa: Garantía de programas actualizados, relevantes y orientados a preparar a los estudiantes para desafíos reales del mercado laboral.</li><li>Innovación en la enseñanza de herramientas de análisis: Aplicación de metodologías activas para potenciar la formación en herramientas líderes del mercado.</li><li>Enfoque en la mejora continua: Iteración constante de los cursos para asegurar su pertinencia y efectividad pedagógica.</li>', '<li>Academic leadership in Data & Analytics: Designing transformative educational experiences in key tools like Power BI, Excel, and Looker Studio.</li><li>Instructional design and content structuring: Course layout with a pedagogical approach, defining themes, learning sequences, and didactic resources.</li><li>Development of applied projects: Creation of integrative projects that promote active learning and the practical application of concepts.</li><li>Elaboration of quality didactic materials: Writing solutions, exercises, and detailed explanations that strengthen the learning process.</li><li>Strategic academic planning: Definition of course programs with clear objectives, precise schedules, and evaluation criteria aligned with the desired professional profile.</li><li>Commitment to educational excellence: Ensuring updated, relevant programs oriented to prepare students for real market challenges.</li><li>Innovation in teaching analytical tools: Application of active methodologies to enhance training in leading market tools.</li><li>Focus on continuous improvement: Constant iteration of courses to ensure their relevance and pedagogical effectiveness.</li>', 8),
  (8, 'May 2024 - actualidad', 'May 2024 - Present', 'Data Analytics Instructor', 'Data Analytics Instructor', 'Henry', '<li>Instructor de Data Analytics con foco en Python: Facilitación de clases teóricas y prácticas orientadas a la manipulación de datos, visualización y modelado estadístico.</li><li>Desarrollo de contenido educativo de alto impacto y acompañamiento personalizado al estudiante.</li>', '<li>Data Analytics Instructor with a focus on Python: Facilitating theoretical and practical classes aimed at data manipulation, visualization, and statistical modeling.</li><li>Development of high-impact educational content and personalized student support.</li>', 9),
  (9, 'Jul 2024 - actualidad', 'Jul 2024 - Present', 'Adjunct Professor', 'Adjunct Professor', 'UADE', '<li>Docente de programación en nivel universitario: Liderazgo en la formación de estudiantes en su primer contacto formal con la programación.</li><li>Diseño y actualización del plan académico del Taller de Programación I, incorporando buenas prácticas y tendencias actuales.</li>', '<li>University-level programming instructor: Leading the training of students in their first formal contact with programming.</li><li>Design and updating of the academic plan for Programming Workshop I, incorporating best practices and current trends.</li>', 10),
  (10, 'Feb 2011 - Feb 2019', 'Feb 2011 - Feb 2019', 'Warehouse Supervisor / Operations Sr. Analyst', 'Warehouse Supervisor / Operations Sr. Analyst', 'El Portugues', '<li>Supervisión operativa de centro logístico: Gestión integral de un warehouse de 3.500 posiciones.</li><li>Coordinación de procesos clave: recepción, almacenamiento, preparación y despacho de mercadería.</li><li>Atención a clientes de primera línea: Arcor, La Anónima, Los Marías, Flora-Dánica y PepsiCo.</li>', '<li>Operational supervision of logistics center: Comprehensive management of a 3,500-position warehouse.</li><li>Coordination of key processes: reception, storage, preparation, and dispatch of merchandise.</li><li>Service to first-line clients: Arcor, La Anónima, Los Marías, Flora-Dánica, and PepsiCo.</li>', 11),
  (11, 'Ene 2010 - Feb 2011', 'Jan 2010 - Feb 2011', 'Backoffice Analyst', 'Backoffice Analyst', 'SOLDA-LIMP S.R.L.', '<li>Gestión integral de ventas y facturación: Manejo completo del proceso de facturación de ventas, incluyendo remitos, control de stock, devoluciones y recepción/carga de pedidos.</li><li>Administración de medios de pago: Operación con cheques (al portador y cruzados), tarjetas de crédito y débito (POS), efectivo y realización de arqueos de caja.</li><li>Manejo de sistemas y herramientas: Uso del sistema de gestión Tango y dominio avanzado de Microsoft Office, especialmente Excel y PowerPoint.</li><li>Atención al cliente y asesoramiento comercial: Venta y recomendación de productos técnicos, electrodos, discos abrasivos, ropa de seguridad, máquinas de soldar, equipos de medición y control, entre otros.</li><li>Habilidades comerciales destacadas: Alta capacidad de persuasión y negociación para lograr cierres efectivos y fortalecer la relación con el cliente.</li>', '<li>Comprehensive sales and invoicing management: Full handling of the sales invoicing process, including delivery notes, stock control, returns, and order reception/entry.</li><li>Payment methods administration: Operation with checks (bearer and crossed), credit and debit cards (POS), cash, and performing cash balancing.</li><li>Systems and tools management: Use of the Tango management system and advanced proficiency in Microsoft Office, especially Excel and PowerPoint.</li><li>Customer service and commercial advice: Sales and recommendation of technical products, electrodes, abrasive discs, safety clothing, welding machines, measurement and control equipment, among others.</li><li>Outstanding commercial skills: High capacity for persuasion and negotiation to achieve effective closings and strengthen the client relationship.</li>', 12),
  (12, 'Feb 2009 - Dic 2009', 'Feb 2009 - Dec 2009', 'Customer Services Representative', 'Customer Services Representative', 'UBICAR ARGENTINA', '<li>Atención al cliente especializada: Representación directa ante usuarios de sistemas de rastreo satelital (radiofrecuencia y GPS), brindando soporte técnico y comercial.</li><li>Coordinación operativa: Asignación de turnos para instalación de dispositivos y seguimiento de solicitudes de servicio técnico.</li><li>Verificación de funcionamiento: Chequeo remoto y diagnóstico del estado del sistema de rastreo ante requerimientos del cliente.</li><li>Soporte en back office: Configuración y administración de cuentas personales de clientes, actualización de datos y resolución de incidencias administrativas.</li><li>Comunicación clara y efectiva: Interacción fluida con usuarios, adaptando la comunicación técnica a distintos niveles de conocimiento para garantizar una experiencia satisfactoria.</li>', '<li>Specialized customer service: Direct representation to users of satellite tracking systems (radiofrequency and GPS), providing technical and commercial support.</li><li>Operational coordination: Assignment of shifts for device installation and monitoring of technical service requests.</li><li>Functionality verification: Remote checking and diagnosis of the tracking system''s status upon client request.</li><li>Back office support: Configuration and administration of clients'' personal accounts, data updates, and resolution of administrative incidents.</li><li>Clear and effective communication: Fluid interaction with users, adapting technical communication to different levels of knowledge to ensure a satisfactory experience.</li>', 13);

-- experience_tags (63 rows)
INSERT INTO experience_tags (id, experience_id, tag) VALUES
  (1, 1, 'Python'),
  (2, 1, 'Flask'),
  (3, 1, 'LLM'),
  (4, 1, 'RAG'),
  (5, 1, 'TensorFlow'),
  (6, 1, 'Google Cloud'),
  (7, 1, 'Apache Airflow'),
  (8, 1, 'dbt'),
  (9, 1, 'n8n'),
  (10, 1, 'Zapier'),
  (11, 1, 'Looker'),
  (12, 1, 'Power BI'),
  (13, 1, 'Git'),
  (14, 1, 'Leadership'),
  (15, 2, 'Python'),
  (16, 2, 'SQL'),
  (17, 2, 'Google Cloud'),
  (18, 2, 'AWS'),
  (19, 2, 'Power BI'),
  (20, 2, 'Looker'),
  (21, 2, 'Jira'),
  (22, 2, 'Git'),
  (23, 3, 'Jira'),
  (24, 3, 'Notion'),
  (25, 3, 'Power BI'),
  (26, 3, 'SQL'),
  (27, 3, 'Agile'),
  (28, 3, 'Product Management'),
  (29, 4, 'Power BI'),
  (30, 4, 'SQL'),
  (31, 4, 'Excel'),
  (32, 5, 'Excel'),
  (33, 5, 'Power BI'),
  (34, 6, 'Excel'),
  (35, 6, 'Leadership'),
  (36, 13, 'Python'),
  (37, 13, 'Pandas'),
  (38, 13, 'NumPy'),
  (39, 13, 'Scikit-learn'),
  (40, 13, 'PyTorch'),
  (41, 13, 'Machine Learning'),
  (42, 14, 'n8n'),
  (43, 14, 'AI'),
  (44, 14, 'LLM'),
  (45, 14, 'Python'),
  (46, 7, 'Power BI'),
  (47, 7, 'Excel'),
  (48, 7, 'Looker Studio'),
  (49, 8, 'Python'),
  (50, 8, 'Pandas'),
  (51, 8, 'NumPy'),
  (52, 8, 'Matplotlib'),
  (53, 8, 'Seaborn'),
  (54, 8, 'Scikit-learn'),
  (55, 8, 'Git'),
  (56, 8, 'Jupyter'),
  (57, 9, 'Python'),
  (58, 9, 'Java'),
  (59, 9, 'Git'),
  (60, 10, 'Excel'),
  (61, 11, 'Excel'),
  (62, 12, 'Communication'),
  (63, 12, 'Soft Skills');

-- projects (21 rows)
INSERT INTO projects (id, title_es, title_en, description_es, description_en, link, sort_order) VALUES
  (17, '[n8n-AI Automation] Serie de MasterClasses: Automatización con IA', '[n8n-AI Automation] MasterClass Series: AI Automation', 'Serie de masterclasses sobre automatización con IA y n8n para Henry Bootcamp. Incluye workflows completos de Marketing (Content Factory), Ventas (Lead Automation) y Finanzas (Monitor Financiero) con stack tecnológico 100% gratuito.', 'AI automation and n8n masterclass series for Henry Bootcamp. Includes complete workflows for Marketing (Content Factory), Sales (Lead Automation), and Finance (Financial Monitor) with 100% free tech stack.', 'https://github.com/Mgobeaalcoba/ai_automation_henry_masterclass', 0),
  (18, '[Portfolio Web] CV Interactivo & Consultoría', '[Web Portfolio] Interactive CV & Consulting', 'Plataforma web moderna de CV/portfolio interactivo con servicios de consultoría, blog técnico y calculadoras financieras. Optimizado para performance (-40% bundle size) con arquitectura modular enterprise-ready.', 'Modern interactive CV/portfolio web platform with consulting services, technical blog, and financial calculators. Optimized for performance (-40% bundle size) with enterprise-ready modular architecture.', 'https://github.com/Mgobeaalcoba/Mgobeaalcoba.github.io', 1),
  (19, '[Python-n8n] SDK y CLI n8n-flow-manager', '[Python-n8n] n8n-flow-manager SDK & CLI', 'SDK y CLI avanzado en Python para interactuar con la API pública de n8n. Incluye operaciones async, modelos type-safe con Pydantic, templates Jinja2 e integración con CI/CD. Publicado en PyPI con +11 estrellas en GitHub.', 'Advanced Python SDK and CLI to interact with n8n Public API. Includes async operations, type-safe Pydantic models, Jinja2 templates, and CI/CD integration. Published on PyPI with +11 GitHub stars.', 'https://github.com/Mgobeaalcoba/n8n-flow-manager', 2),
  (20, '[MCP-FastMCP] Model Context Protocol para Cursor IDE', '[MCP-FastMCP] Model Context Protocol for Cursor IDE', 'Proyecto educacional de demostración profesional para enseñar cómo conectar sistemas empresariales a IAs mediante Model Context Protocol (MCP) en Cursor IDE.', 'Professional educational demo project teaching how to connect enterprise systems to AIs via Model Context Protocol (MCP) in Cursor IDE.', 'https://github.com/Mgobeaalcoba/mcp_henry_masterclass', 3),
  (21, '[RAG-LangChain] Cerebro Corporativo con RAG', '[RAG-LangChain] Corporate Brain with RAG', 'Demostración práctica de RAG (Retrieval Augmented Generation) para dar ''memoria'' a los LLMs con documentación privada. Usa LangChain, ChromaDB y embeddings gratuitos de HuggingFace.', 'Practical demonstration of RAG (Retrieval Augmented Generation) to give ''memory'' to LLMs with private documentation. Uses LangChain, ChromaDB, and free HuggingFace embeddings.', 'https://github.com/Mgobeaalcoba/masterclass_henry_ai_engineering', 4),
  (1, '[Python-Pandas] Paquete PyPI Missing-mga', '[Python-Pandas] Missing-mga Pandas API extends PyPI package', 'Este paquete extiende la funcionalidad de Pandas DataFrame introduciendo una clase de Métodos de Ausencia, permitiendo un manejo intuitivo de valores faltantes.', 'This package extends Pandas DataFrame functionality by introducing a Missing Methods class, enabling intuitive handling of missing values.', 'https://github.com/Mgobeaalcoba/missing_mga', 5),
  (5, '[Python - FastApi] Proyecto Quasar Fire', '[Python - FastApi] Quasar Fire Project', 'API RESTful para determinar la ubicación de una señal de auxilio en el espacio mediante trilateración.', 'RESTful API to determine the location of a distress signal in space through trilateration.', 'https://github.com/Mgobeaalcoba/quasar-fire', 6),
  (7, '[Python-FaceRecognition] Validador de Asistencia Facial', '[Python-FaceRecognition] Face Assistance Validator', 'App de verificación facial y control de acceso utilizando Python, OpenCV y Face-recognition.', 'Facial verification and access control app using Python, OpenCV, and Face-recognition.', 'https://github.com/Mgobeaalcoba/face_assistance_validator', 7),
  (12, '[R-Shiny] App en Shiny para EDA de Lenguajes de Programación', '[R-Shiny] Programming Languages EDA Shiny App', 'App en R/Shiny para un desafío de Cohen Allados Financieros, realizando un EDA sobre un dataset de tidytuesday.', 'R/Shiny app for a Cohen Allados Financieros challenge, performing an EDA on a tidytuesday dataset.', 'https://github.com/Mgobeaalcoba/cohen_challenge_shiny_app', 8),
  (13, '[Kotlin-Spring] Api Rest Trilateración', '[Kotlin-Spring] Api Rest Trilateration', 'Rest Api construida en GCP como parte de un desafío interno en Mercado Libre, utilizando Kotlin y Spring.', 'Rest Api built on GCP as part of an internal challenge at Mercado Libre, using Kotlin and Spring.', 'https://github.com/Mgobeaalcoba/api_rest_meli_challenge_public', 9),
  (2, '[Python-Django] Web App para mi proyecto profesional personal', '[Python-Django] Web App for my personal professional project', 'Aplicación web Fullstack creada con Django que combina habilidades de frontend y backend, incluyendo endpoints, administración de bases de datos y conexión con servicios externos.', 'Fullstack Web App created with Django combining front and back skills, including endpoints, database administration, and connection with external services.', 'https://github.com/Mgobeaalcoba/matrix-global-analytics-webapp', 10),
  (3, '[Python-Kaggle] Paquete Kaggle Downloader', '[Python-Kaggle] Kaggle Downloader Package', 'Una clase de Python que simplifica la interacción con Kaggle para la búsqueda, descarga y extracción de datasets.', 'A Python class that simplifies interaction with Kaggle for searching, downloading, and extracting datasets.', 'https://github.com/Mgobeaalcoba/kaggle_downloader_package', 11),
  (4, '[Python-Package] Paquete PyPi Argendolar', '[Python-Package] Argendolar PyPi package', 'Paquete de Python que facilita la obtención de tasas de cambio del peso argentino usando APIs como DolarApi.', 'Python package that facilitates obtaining exchange rates for the Argentine peso using APIs like DolarApi.', 'https://github.com/Mgobeaalcoba/argendolar', 12),
  (6, '[Python-Django] App Web de Lista de Tareas', '[Python-Django] To Do List Web App', 'Aplicación web en Django para gestionar tareas y listas de quehaceres de manera eficiente.', 'Web application in Django to efficiently manage tasks and to-do lists.', 'https://github.com/Mgobeaalcoba/django_python', 13),
  (8, '[Python-Pygame] Videojuego Space Invasion', '[Python-Pygame] Space Invasion Videogame', 'Juego ''Space Invasion'' creado 100% con Pygame y Python, aplicando POO y patrones de diseño.', '''Space Invasion'' game created 100% with Pygame and Python, applying OOP and design patterns.', 'https://github.com/Mgobeaalcoba/pygame_space_invasion', 14),
  (9, '[Python-Scikit Learn] Predictor de Supervivencia en el Titanic', '[Python-Scikit Learn] Survival Predictor On The Titanic', 'Modelo de Machine Learning y análisis para predecir la supervivencia de pasajeros en el Titanic.', 'Machine Learning model and analysis to predict passenger survival on the Titanic.', 'https://github.com/Mgobeaalcoba/survival_predictor_on_the_titanic_sci_kit_learn', 15),
  (10, '[Python - SpeechRecognition] Asistente de Voz', '[Python - SpeechRecognition] Voice Assistant', 'Asistente de voz basado en Python que utiliza librerías de NLP y reconocimiento de voz.', 'Python-based voice assistant using NLP and speech recognition libraries.', 'https://github.com/Mgobeaalcoba/voice_assistant', 16),
  (11, '[Python - Tkinter] Software de Escritorio para Restaurante', '[Python - Tkinter] Restaurant Desktop Software', 'Software de escritorio versátil construido con Python y la librería Tkinter GUI.', 'Versatile desktop software built with Python and the Tkinter GUI library.', 'https://github.com/Mgobeaalcoba/restaurant_desktop_software_tkinter', 17),
  (14, '[Python-Django] Modelo de App Web', '[Python-Django] Web App Model', 'App en Django que permite registro, login, y gestión de tareas pendientes.', 'Django app that allows registration, login, and to-do list management.', 'https://github.com/Mgobeaalcoba/django_python', 18),
  (15, '[Python - Flask] App CRUD', '[Python - Flask] CRUD App', 'Una app hecha con Python y Flask que no es más que un software CRUD.', 'An app made with Python and Flask that is a CRUD software.', 'https://github.com/Mgobeaalcoba/flask_python', 19),
  (16, '[Python - Pandas] Datacademy', '[Python - Pandas] Datacademy', 'Proyecto diseñado como parte de una competencia de Análisis Exploratorio de Datos usando Python y sus librerías.', 'Project designed as part of an Exploratory Data Analysis competition using Python and its libraries.', 'https://github.com/Mgobeaalcoba/datacademy', 20);

-- project_tags (88 rows)
INSERT INTO project_tags (id, project_id, tag) VALUES
  (1, 17, 'JavaScript'),
  (2, 17, 'HTML'),
  (3, 17, 'n8n'),
  (4, 17, 'AI'),
  (5, 17, 'Python'),
  (6, 17, 'Git'),
  (7, 18, 'JavaScript'),
  (8, 18, 'HTML'),
  (9, 18, 'CSS'),
  (10, 18, 'Git'),
  (11, 19, 'Python'),
  (12, 19, 'PyPI'),
  (13, 19, 'n8n'),
  (14, 19, 'Git'),
  (15, 20, 'Python'),
  (16, 20, 'AI'),
  (17, 20, 'SQLite'),
  (18, 20, 'Git'),
  (19, 21, 'Python'),
  (20, 21, 'AI'),
  (21, 21, 'RAG'),
  (22, 21, 'LLM'),
  (23, 21, 'Git'),
  (24, 1, 'Python'),
  (25, 1, 'Pandas'),
  (26, 1, 'PyPI'),
  (27, 1, 'Git'),
  (28, 5, 'Python'),
  (29, 5, 'FastAPI'),
  (30, 5, 'Git'),
  (31, 7, 'Python'),
  (32, 7, 'OpenCV'),
  (33, 7, 'Git'),
  (34, 12, 'R'),
  (35, 12, 'Shiny'),
  (36, 12, 'Git'),
  (37, 13, 'Kotlin'),
  (38, 13, 'Go'),
  (39, 13, 'Spring'),
  (40, 13, 'Google Cloud'),
  (41, 13, 'Git'),
  (42, 2, 'Python'),
  (43, 2, 'Django'),
  (44, 2, 'SQLite'),
  (45, 2, 'Git'),
  (46, 2, 'HTML'),
  (47, 2, 'CSS'),
  (48, 3, 'Python'),
  (49, 3, 'Kaggle API'),
  (50, 3, 'Git'),
  (51, 4, 'Python'),
  (52, 4, 'PyPI'),
  (53, 4, 'Git'),
  (54, 6, 'Python'),
  (55, 6, 'Django'),
  (56, 6, 'SQLite'),
  (57, 6, 'Git'),
  (58, 6, 'HTML'),
  (59, 6, 'CSS'),
  (60, 8, 'Python'),
  (61, 8, 'Pygame'),
  (62, 8, 'Git'),
  (63, 9, 'Python'),
  (64, 9, 'Scikit-learn'),
  (65, 9, 'Pandas'),
  (66, 9, 'NumPy'),
  (67, 9, 'Git'),
  (68, 10, 'Python'),
  (69, 10, 'NLP'),
  (70, 10, 'Git'),
  (71, 11, 'Python'),
  (72, 11, 'Git'),
  (73, 14, 'Python'),
  (74, 14, 'Django'),
  (75, 14, 'SQLite'),
  (76, 14, 'Git'),
  (77, 14, 'HTML'),
  (78, 14, 'CSS'),
  (79, 15, 'Python'),
  (80, 15, 'Flask'),
  (81, 15, 'MySQL'),
  (82, 15, 'Git'),
  (83, 16, 'Python'),
  (84, 16, 'Pandas'),
  (85, 16, 'NumPy'),
  (86, 16, 'Matplotlib'),
  (87, 16, 'Seaborn'),
  (88, 16, 'Git');

-- education (7 rows)
INSERT INTO education (id, title_es, title_en, school, date, subtitle_es, subtitle_en, sort_order) VALUES
  (1, 'Postgraduate Degree, Ingeniería de Software', 'Postgraduate Degree, Software Engineering', 'UAI - Universidad Abierta Interamericana', 'Abr 2025 - Jul 2026', NULL, NULL, 0),
  (2, 'Licenciatura, Gestión de TI', 'Bachelor''s Degree, IT Management', 'UADE', '2020 - 2021', NULL, NULL, 1),
  (3, 'Licenciatura, Sociología', 'Bachelor''s Degree, Sociology', 'Universidad de Buenos Aires', '2007 - 2014', NULL, NULL, 2),
  (4, 'Profesorado, Sociología', 'Teaching Degree, Sociology', 'Universidad de Buenos Aires', '2014 - 2015', NULL, NULL, 3),
  (5, 'Python Backend Engineer', 'Python Backend Engineer', 'Platzi', '2022 - 2023', 'Ciencias de la computación', 'Computer Science', 4),
  (6, 'Data Analyst', 'Data Analyst', 'Platzi', '2021 - 2022', 'Ciencias de la computación', 'Computer Science', 5),
  (7, 'Bachiller en Administración y Gestión de las Organizaciones', 'High School Diploma in Business Administration and Management', 'Instituto Parroquial Fundador Don Francisco de Merlo', '2003 - 2006', 'Administración y gestión de empresas, general', 'Business Administration and Management, General', 6);

-- education_tags (26 rows)
INSERT INTO education_tags (id, education_id, tag) VALUES
  (1, 1, 'Java'),
  (2, 1, 'Python'),
  (3, 1, 'SQL'),
  (4, 1, 'Git'),
  (5, 2, 'SQL'),
  (6, 2, 'Excel'),
  (7, 5, 'Python'),
  (8, 5, 'Django'),
  (9, 5, 'Flask'),
  (10, 5, 'FastAPI'),
  (11, 5, 'SQL'),
  (12, 5, 'MySQL'),
  (13, 5, 'PostgreSQL'),
  (14, 5, 'Git'),
  (15, 5, 'HTML'),
  (16, 5, 'CSS'),
  (17, 6, 'Python'),
  (18, 6, 'Pandas'),
  (19, 6, 'NumPy'),
  (20, 6, 'Matplotlib'),
  (21, 6, 'Seaborn'),
  (22, 6, 'SQL'),
  (23, 6, 'Power BI'),
  (24, 6, 'Tableau'),
  (25, 6, 'Jupyter'),
  (26, 7, 'Excel');

-- certifications (109 rows)
INSERT INTO certifications (id, name, sort_order) VALUES
  (1, 'Buenas prácticas de desarrollo seguro para Back-end - Python', 0),
  (2, 'Onboarding - Security Guardians - Guardian', 1),
  (3, 'Seguridad en el Ciclo de Desarrollo - SSDLC', 2),
  (4, 'GenAl for Champions', 3),
  (5, 'Curso de N8N', 4),
  (6, 'Introducción a Jira para gestión de proyectos con Kanban', 5),
  (7, 'Hacking con Python', 6),
  (8, 'Dataiku Core Designer', 7),
  (9, 'Data Champions | BigQuery and LookML', 8),
  (10, 'Curso de Análisis Exploratorio de Datos', 9),
  (11, 'Curso de Estadistica Inferencial para Data Science', 10),
  (12, 'Python TOTAL - Programador Avanzado', 11),
  (13, 'Principios SOLID y Clean Code', 12),
  (14, 'GOLANG: Curso profesional de Go', 13),
  (15, 'Curso Práctico de Product Owner', 14),
  (16, 'Curso de Fundamentos de R', 15),
  (17, 'Data Analyst', 16),
  (18, 'Android Completo con Kotlin', 17),
  (19, 'Curso de PostgreSQL Aplicado a Ciencia de Datos', 18),
  (20, 'Curso de Análisis de Datos con Power BI', 19),
  (21, 'Curso Profesional de Git y GitHub', 20),
  (22, 'MicroStrategy', 21),
  (23, 'Looker', 22),
  (24, 'SQL Fundamentals', 23),
  (25, 'Enseñanza de inglés como lengua extranjera (TEFL)', 24),
  (26, 'Curso de Unit Testing en Python', 25),
  (27, 'Curso de Manejo de Datos Faltantes', 26),
  (28, '5 minutos al dia para mejorar tu Ingles', 27),
  (29, 'Curso de Ética y Manejo de Datos para Data Science', 28),
  (30, 'Curso Básico de Django', 29),
  (31, 'Curso de Desarrollo Backend', 30),
  (32, 'Curso de Django Intermedio', 31),
  (33, 'Curso de FastAPI: Modularización, Datos y Errores', 32),
  (34, 'Curso de Flask', 33),
  (35, 'Curso Práctico de Python: Creación de un CRUD', 34),
  (36, 'Curso de Complejidad Algoritmica con Python', 35),
  (37, 'Curso de Estructuras de Datos Lineales con Python', 36),
  (38, 'Curso de FastAPI: Fundamentos', 37),
  (39, 'Curso de Pensamiento Computacional con Python', 38),
  (40, 'Curso de Python: PIP y Entornos Virtuales', 39),
  (41, 'Curso de Selenium con Python', 40),
  (42, 'Curso de Fundamentos de Python', 41),
  (43, 'Curso de Python: Comprehensions, Funciones y Manejo de Errores', 42),
  (44, 'Curso de Kotlin desde Cero', 43),
  (45, 'Problem Solving', 44),
  (46, 'Curso de Webpack', 45),
  (47, 'Diseño de interfaz (UI) con Figma', 46),
  (48, 'Curso Básico de JavaScript', 47),
  (49, 'Curso Práctico de Frontend Developer', 48),
  (50, 'Curso de Asincronismo con JavaScript', 49),
  (51, 'Curso de ECMAScript', 50),
  (52, 'Curso de Frontend Developer', 51),
  (53, 'Curso de NPM: Gestión de Paquetes', 52),
  (54, 'Introducción a la Programación con Kotlin', 53),
  (55, 'Nuevo Curso Gratis de Programación Básica', 54),
  (56, 'Curso de Prework: Configuración de Entorno', 55),
  (57, 'Nuevo Curso de Pensamiento Lógico', 56),
  (58, 'Curso de Digital Project Management', 57),
  (59, 'Curso de Manipulación y Transformación de Datos con Pandas y NumPy', 58),
  (60, 'Curso de Visualización de Datos con Matplotlib y Seaborn', 59),
  (61, 'Proyecto del #PlatziChallenge Datacademy 2022', 60),
  (62, 'Curso Práctico de SQL', 61),
  (63, 'Cómo y Por Qué Aprender Data Science', 62),
  (64, 'Datacademy', 63),
  (65, 'Curso de Configuración Profesional de Entorno de Trabajo para Ciencia de Datos', 64),
  (66, 'Curso de Cómo Dar y Recibir Feedback', 65),
  (67, 'Curso de Funciones Matemáticas para Data Science', 66),
  (68, 'Curso de PostgreSQL', 67),
  (69, 'Curso sobre la Neurociencia del Feedback', 68),
  (70, 'Curso de Programación Orientada a Objetos: POO', 69),
  (71, 'Curso Fundamentos de Product Management', 70),
  (72, 'Curso de Filosofía para Managers', 71),
  (73, 'Curso de Herramientas para el Crecimiento Personal', 72),
  (74, 'Curso de Historia de Bitcoin y Criptomonedas', 73),
  (75, 'Curso de Motivación para Equipos de Trabajo', 74),
  (76, 'Curso para Desbloquear tu Creatividad', 75),
  (77, 'Learning Path Shipping', 76),
  (78, 'Curso Profesional de Python', 77),
  (79, 'Curso de Google Data Studio', 78),
  (80, 'Python Challenge', 79),
  (81, 'Curso de Business Intelligence: Utilidad y Áreas de Oportunidad', 80),
  (82, 'Curso de Excel Básico', 81),
  (83, 'Curso de Fundamentos de Bases de Datos', 82),
  (84, 'Curso de Introducción a Business Intelligence con Power BI', 83),
  (85, 'Curso de Introduccion al Algebra Lineal: Vectores', 84),
  (86, 'Curso de Principios de Visualización de Datos para Business Intelligence', 85),
  (87, 'Curso de Tableau: Visualización de Datos y Storytelling', 86),
  (88, 'Curso Práctico de Regresión Lineal con Python', 87),
  (89, 'Curso de Entorno de Trabajo para Ciencia de Datos', 88),
  (90, 'Curso de Fundamentos de Álgebra Lineal con Python', 89),
  (91, 'Curso de Google Suite', 90),
  (92, 'Curso de Inglés para Principiantes', 91),
  (93, 'Curso de Matemáticas para Data Science: Cálculo Básico', 92),
  (94, 'Curso de Matemáticas para Data Science: Estadística Descriptiva', 93),
  (95, 'Curso de Matemáticas para Data Science: Probabilidad', 94),
  (96, 'Curso de Python Intermedio', 95),
  (97, 'Taller de Inglés para Principiantes', 96),
  (98, 'Curso de Comunicación Efectiva', 97),
  (99, 'Curso de Fundamentos de Matemáticas', 98),
  (100, 'Curso de Gestión Efectiva del Tiempo', 99),
  (101, 'Curso de Inteligencia Emocional', 100),
  (102, 'Curso de Introducción a la Terminal y Línea de Comandos', 101),
  (103, 'Curso Básico de Python', 102),
  (104, 'Curso de Análisis de Negocios para Ciencia de Datos', 103),
  (105, 'Curso de Estrategias para Aprender Inglés Online', 104),
  (106, 'Data Explorer', 105),
  (107, 'SQL', 106),
  (108, 'Tableau', 107),
  (109, 'Modelos logísticos para e-commerce', 108);

-- certification_tags (194 rows)
INSERT INTO certification_tags (id, certification_id, tag) VALUES
  (1, 1, 'Python'),
  (2, 1, 'Ciberseguridad'),
  (3, 2, 'Hacking ético'),
  (4, 2, 'Pentesting'),
  (5, 3, 'Seguridad'),
  (6, 3, 'SSDLC'),
  (7, 4, 'LLM'),
  (8, 4, 'AI'),
  (9, 5, 'n8n'),
  (10, 6, 'Jira'),
  (11, 6, 'Agile'),
  (12, 7, 'Python'),
  (13, 8, 'Machine Learning'),
  (14, 9, 'Google Cloud'),
  (15, 9, 'Looker'),
  (16, 10, 'Python'),
  (17, 10, 'Pandas'),
  (18, 11, 'Python'),
  (19, 11, 'Scikit-learn'),
  (20, 12, 'Python'),
  (21, 13, 'Java'),
  (22, 13, 'Kotlin'),
  (23, 14, 'Go'),
  (24, 15, 'Jira'),
  (25, 15, 'Product Management'),
  (26, 16, 'R'),
  (27, 16, 'Shiny'),
  (28, 17, 'Python'),
  (29, 17, 'Pandas'),
  (30, 17, 'SQL'),
  (31, 17, 'Power BI'),
  (32, 17, 'Tableau'),
  (33, 18, 'Kotlin'),
  (34, 19, 'SQL'),
  (35, 19, 'PostgreSQL'),
  (36, 20, 'Power BI'),
  (37, 21, 'Git'),
  (38, 22, 'MicroStrategy'),
  (39, 23, 'Looker'),
  (40, 24, 'SQL'),
  (41, 25, 'Soft Skills'),
  (42, 26, 'Python'),
  (43, 27, 'Python'),
  (44, 27, 'Pandas'),
  (45, 28, 'Soft Skills'),
  (46, 29, 'Python'),
  (47, 29, 'Soft Skills'),
  (48, 30, 'Python'),
  (49, 30, 'Django'),
  (50, 31, 'Python'),
  (51, 31, 'Django'),
  (52, 31, 'Flask'),
  (53, 31, 'FastAPI'),
  (54, 32, 'Python'),
  (55, 32, 'Django'),
  (56, 33, 'Python'),
  (57, 33, 'FastAPI'),
  (58, 34, 'Python'),
  (59, 34, 'Flask'),
  (60, 35, 'Python'),
  (61, 35, 'SQL'),
  (62, 36, 'Python'),
  (63, 37, 'Python'),
  (64, 38, 'Python'),
  (65, 38, 'FastAPI'),
  (66, 39, 'Python'),
  (67, 40, 'Python'),
  (68, 41, 'Python'),
  (69, 42, 'Python'),
  (70, 43, 'Python'),
  (71, 44, 'Kotlin'),
  (72, 45, 'Python'),
  (73, 45, 'Java'),
  (74, 45, 'Kotlin'),
  (75, 46, 'JavaScript'),
  (76, 47, 'Figma'),
  (77, 48, 'JavaScript'),
  (78, 49, 'JavaScript'),
  (79, 49, 'HTML'),
  (80, 49, 'CSS'),
  (81, 49, 'Git'),
  (82, 50, 'JavaScript'),
  (83, 51, 'JavaScript'),
  (84, 52, 'JavaScript'),
  (85, 52, 'HTML'),
  (86, 52, 'CSS'),
  (87, 52, 'Git'),
  (88, 53, 'JavaScript'),
  (89, 54, 'Kotlin'),
  (90, 55, 'Python'),
  (91, 56, 'Python'),
  (92, 57, 'Python'),
  (93, 58, 'Jira'),
  (94, 58, 'Notion'),
  (95, 58, 'Monday'),
  (96, 58, 'Product Management'),
  (97, 58, 'Agile'),
  (98, 59, 'Python'),
  (99, 59, 'Pandas'),
  (100, 59, 'NumPy'),
  (101, 60, 'Python'),
  (102, 60, 'Matplotlib'),
  (103, 60, 'Seaborn'),
  (104, 61, 'Python'),
  (105, 61, 'Pandas'),
  (106, 61, 'NumPy'),
  (107, 61, 'Matplotlib'),
  (108, 61, 'Seaborn'),
  (109, 62, 'SQL'),
  (110, 63, 'Python'),
  (111, 63, 'Pandas'),
  (112, 63, 'NumPy'),
  (113, 63, 'Matplotlib'),
  (114, 63, 'Seaborn'),
  (115, 64, 'Python'),
  (116, 64, 'Pandas'),
  (117, 64, 'NumPy'),
  (118, 64, 'Matplotlib'),
  (119, 64, 'Seaborn'),
  (120, 65, 'Python'),
  (121, 65, 'Jupyter'),
  (122, 66, 'Soft Skills'),
  (123, 66, 'Communication'),
  (124, 66, 'Leadership'),
  (125, 67, 'Python'),
  (126, 67, 'NumPy'),
  (127, 68, 'SQL'),
  (128, 68, 'PostgreSQL'),
  (129, 69, 'Soft Skills'),
  (130, 69, 'Leadership'),
  (131, 70, 'Python'),
  (132, 70, 'Java'),
  (133, 70, 'Kotlin'),
  (134, 71, 'Jira'),
  (135, 71, 'Notion'),
  (136, 71, 'Product Management'),
  (137, 72, 'Soft Skills'),
  (138, 72, 'Leadership'),
  (139, 73, 'Soft Skills'),
  (140, 74, 'Blockchain'),
  (141, 75, 'Soft Skills'),
  (142, 75, 'Leadership'),
  (143, 76, 'Soft Skills'),
  (144, 77, 'Jira'),
  (145, 77, 'Notion'),
  (146, 77, 'Product Management'),
  (147, 77, 'Agile'),
  (148, 78, 'Python'),
  (149, 79, 'Looker Studio'),
  (150, 80, 'Python'),
  (151, 81, 'Power BI'),
  (152, 81, 'Tableau'),
  (153, 82, 'Excel'),
  (154, 83, 'SQL'),
  (155, 84, 'Power BI'),
  (156, 85, 'Python'),
  (157, 85, 'NumPy'),
  (158, 86, 'Power BI'),
  (159, 86, 'Tableau'),
  (160, 87, 'Tableau'),
  (161, 88, 'Python'),
  (162, 88, 'Scikit-learn'),
  (163, 89, 'Python'),
  (164, 89, 'Jupyter'),
  (165, 90, 'Python'),
  (166, 90, 'NumPy'),
  (167, 91, 'Google Suite'),
  (168, 92, 'Soft Skills'),
  (169, 93, 'Python'),
  (170, 93, 'NumPy'),
  (171, 94, 'Python'),
  (172, 94, 'Pandas'),
  (173, 94, 'NumPy'),
  (174, 95, 'Python'),
  (175, 95, 'NumPy'),
  (176, 96, 'Python'),
  (177, 97, 'Soft Skills'),
  (178, 98, 'Soft Skills'),
  (179, 98, 'Communication'),
  (180, 99, 'Python'),
  (181, 100, 'Soft Skills'),
  (182, 101, 'Soft Skills'),
  (183, 101, 'Leadership'),
  (184, 102, 'Terminal'),
  (185, 103, 'Python'),
  (186, 104, 'Python'),
  (187, 104, 'Pandas'),
  (188, 105, 'Soft Skills'),
  (189, 106, 'Python'),
  (190, 106, 'Pandas'),
  (191, 107, 'SQL'),
  (192, 108, 'Tableau'),
  (193, 109, 'Python'),
  (194, 109, 'Scikit-learn');

-- consulting_packs (3 rows)
INSERT INTO consulting_packs (id, name_es, name_en, subtitle_es, subtitle_en, description_es, description_en, price_es, price_en, highlighted, badge_es, badge_en, sort_order) VALUES
  ('starter', 'Pack Starter', 'Starter Pack', 'Automatización Básica', 'Basic Automation', 'Para PyMEs que quieren empezar a automatizar sus procesos más repetitivos y ganar tiempo.', 'For SMEs that want to start automating their most repetitive processes and save time.', 'Desde USD 800', 'From USD 800', FALSE, NULL, NULL, 0),
  ('growth', 'Pack Growth', 'Growth Pack', 'IA & Automatización Avanzada', 'AI & Advanced Automation', 'Para empresas que quieren aprovechar la IA para escalar operaciones y tomar mejores decisiones.', 'For companies that want to leverage AI to scale operations and make better decisions.', 'Desde USD 2.500', 'From USD 2,500', TRUE, 'Más popular', 'Most popular', 1),
  ('enterprise', 'Pack Enterprise', 'Enterprise Pack', 'Transformación Digital Completa', 'Complete Digital Transformation', 'Solución completa de transformación digital para empresas que quieren liderar con datos e IA.', 'Complete digital transformation solution for companies that want to lead with data and AI.', 'Desde USD 8.000', 'From USD 8,000', FALSE, NULL, NULL, 2);

-- consulting_pack_features (17 rows)
INSERT INTO consulting_pack_features (id, pack_id, text_es, text_en, sort_order) VALUES
  (1, 'starter', '1 flujo de automatización completo', '1 complete automation workflow', 0),
  (2, 'starter', 'Integración con herramientas existentes', 'Integration with existing tools', 1),
  (3, 'starter', 'Dashboard básico de seguimiento', 'Basic tracking dashboard', 2),
  (4, 'starter', 'Capacitación del equipo (2h)', 'Team training (2h)', 3),
  (5, 'starter', '1 mes de soporte post-implementación', '1 month post-implementation support', 4),
  (6, 'growth', '3 flujos de automatización con IA', '3 AI automation workflows', 0),
  (7, 'growth', 'Chatbot WhatsApp Business', 'WhatsApp Business Chatbot', 1),
  (8, 'growth', 'Dashboard BI en tiempo real', 'Real-time BI Dashboard', 2),
  (9, 'growth', 'Análisis de datos y reportes ejecutivos', 'Data analysis and executive reports', 3),
  (10, 'growth', 'Capacitación del equipo (8h)', 'Team training (8h)', 4),
  (11, 'growth', '3 meses de soporte', '3 months support', 5),
  (12, 'enterprise', 'Automatización de todos los departamentos', 'All department automation', 0),
  (13, 'enterprise', 'Suite completa de BI y analytics', 'Complete BI and analytics suite', 1),
  (14, 'enterprise', 'IA generativa personalizada', 'Custom generative AI', 2),
  (15, 'enterprise', 'Arquitectura de datos escalable', 'Scalable data architecture', 3),
  (16, 'enterprise', 'Capacitación completa del equipo', 'Complete team training', 4),
  (17, 'enterprise', '12 meses de soporte prioritario', '12 months priority support', 5);

-- consulting_pack_automations (11 rows)
INSERT INTO consulting_pack_automations (id, pack_id, text_es, text_en, sort_order) VALUES
  (1, 'starter', 'Automatización de emails y notificaciones', 'Email and notification automation', 0),
  (2, 'starter', 'Integración CRM básica', 'Basic CRM integration', 1),
  (3, 'starter', 'Reportes automáticos semanales', 'Automated weekly reports', 2),
  (4, 'growth', 'Chatbot IA para atención al cliente', 'AI chatbot for customer service', 0),
  (5, 'growth', 'Pipeline de ventas automatizado', 'Automated sales pipeline', 1),
  (6, 'growth', 'Alertas inteligentes de KPIs', 'Smart KPI alerts', 2),
  (7, 'growth', 'Integración multi-sistema', 'Multi-system integration', 3),
  (8, 'enterprise', 'Ecosistema completo n8n + IA', 'Complete n8n + AI ecosystem', 0),
  (9, 'enterprise', 'DataLake y pipelines ETL', 'DataLake and ETL pipelines', 1),
  (10, 'enterprise', 'Modelos predictivos custom', 'Custom predictive models', 2),
  (11, 'enterprise', 'RAG corporativo (ChatGPT privado)', 'Corporate RAG (Private ChatGPT)', 3);

-- consulting_case_studies (4 rows)
INSERT INTO consulting_case_studies (id, title_es, title_en, description_es, description_en, result_es, result_en, image, sort_order) VALUES
  ('chatbot', 'Chatbot IA para Atención al Cliente', 'AI Chatbot for Customer Service', 'Implementamos un chatbot con IA que responde el 80% de las consultas automáticamente, 24/7, sin intervención humana.', 'We implemented an AI chatbot that automatically answers 80% of inquiries, 24/7, without human intervention.', '−70% tiempo de respuesta, +40% satisfacción del cliente', '−70% response time, +40% customer satisfaction', '/chatbot.jpg', 0),
  ('ventas', 'Dashboard de Ventas en Tiempo Real', 'Real-time Sales Dashboard', 'Creamos un dashboard centralizado que consolida datos de múltiples fuentes y muestra KPIs en tiempo real para la gerencia.', 'We created a centralized dashboard that consolidates data from multiple sources and shows real-time KPIs for management.', '+60% velocidad en toma de decisiones, −5h reportes semanales', '+60% decision-making speed, −5h weekly reports', '/ventas.jpg', 1),
  ('inventario', 'Control de Inventario Automatizado', 'Automated Inventory Control', 'Automatizamos el control de stock con alertas inteligentes que predicen rupturas antes de que ocurran.', 'We automated inventory control with smart alerts that predict stockouts before they happen.', '−90% rupturas de stock, −30% costo de inventario', '−90% stockouts, −30% inventory cost', '/inventario.jpg', 2),
  ('feedback', 'Análisis de Feedback con IA', 'AI-Powered Feedback Analysis', 'Implementamos análisis de sentimiento automático sobre feedback de clientes para detectar problemas críticos en tiempo real.', 'We implemented automatic sentiment analysis on customer feedback to detect critical issues in real time.', '+35% NPS, detección de problemas 4x más rápida', '+35% NPS, 4x faster problem detection', '/feedback.jpg', 3);

-- consulting_case_study_tags (12 rows)
INSERT INTO consulting_case_study_tags (id, case_study_id, tag) VALUES
  (1, 'chatbot', 'IA'),
  (2, 'chatbot', 'WhatsApp'),
  (3, 'chatbot', 'n8n'),
  (4, 'ventas', 'Power BI'),
  (5, 'ventas', 'SQL'),
  (6, 'ventas', 'Looker Studio'),
  (7, 'inventario', 'Python'),
  (8, 'inventario', 'n8n'),
  (9, 'inventario', 'Automation'),
  (10, 'feedback', 'AI'),
  (11, 'feedback', 'Python'),
  (12, 'feedback', 'NLP');

-- Reset sequences so future inserts don't conflict with seeded IDs
SELECT setval('experience_tags_id_seq', (SELECT MAX(id) FROM experience_tags));
SELECT setval('project_tags_id_seq', (SELECT MAX(id) FROM project_tags));
SELECT setval('education_id_seq', (SELECT MAX(id) FROM education));
SELECT setval('education_tags_id_seq', (SELECT MAX(id) FROM education_tags));
SELECT setval('certifications_id_seq', (SELECT MAX(id) FROM certifications));
SELECT setval('certification_tags_id_seq', (SELECT MAX(id) FROM certification_tags));
SELECT setval('consulting_pack_features_id_seq', (SELECT MAX(id) FROM consulting_pack_features));
SELECT setval('consulting_pack_automations_id_seq', (SELECT MAX(id) FROM consulting_pack_automations));
SELECT setval('consulting_case_study_tags_id_seq', (SELECT MAX(id) FROM consulting_case_study_tags));

-- Done. Total tables seeded: 13