-- =============================================================
-- seed_v2.sql  —  Full data seed for schema_v2 tables
-- Run AFTER schema_v2.sql
-- Generated automatically from source files
-- =============================================================

-- cv_meta
INSERT INTO cv_meta (id, name, title_es, title_en, email, phone, location, linkedin, github, twitter, calendly, ga4_id) VALUES
  (1, 'Mariano Gobea Alcoba', 'Data & Analytics Technical Leader en Mercado Libre', 'Data & Analytics Technical Leader at Mercado Libre',
   'gobeamariano@gmail.com', '+54 9 11 27475569', 'Buenos Aires, Argentina',
   'https://www.linkedin.com/in/mariano-gobea-alcoba/', 'https://github.com/Mgobeaalcoba', 'https://twitter.com/MGobeaAlcoba',
   'https://calendly.com/gobeamariano/mga-consulting', 'G-DG0SLT5RY3');

-- cv_about
INSERT INTO cv_about (id, title_es, title_en, text_es, text_en) VALUES
  (1, 'Sobre mí', 'About Me', 'Líder técnico con más de 6 años de experiencia en Mercado Libre, enfocado en Data & Analytics. Apasionado por liderar equipos de alto rendimiento para resolver desafíos complejos de negocio mediante la innovación y la tecnología. Experto en alinear estrategias de datos con objetivos corporativos para impulsar la eficiencia y el crecimiento. Mi objetivo es continuar democratizando el comercio y los servicios financieros en América Latina, transformando la vida de millones de personas.', 'Technical leader with over 6 years of experience at Mercado Libre, focused on Data & Analytics. Passionate about leading high-performance teams to solve complex business challenges through innovation and technology. Expert in aligning data strategies with corporate objectives to drive efficiency and growth. My goal is to continue democratizing commerce and financial services in Latin America, transforming the lives of millions.');

-- cv_tech_stack_categories
INSERT INTO cv_tech_stack_categories (id, name, sort_order) VALUES
  (1, 'Fullstack & Data', 0),
  (2, 'Machine Learning', 1),
  (3, 'AI & Automation', 2),
  (4, 'Cloud & DevOps', 3),
  (5, 'Business Intelligence', 4),
  (6, 'Developer Tools', 5),
  (7, 'Productivity & Management', 6),
  (8, 'Cybersecurity', 7),
  (9, 'Soft Skills', 8),
  (10, 'Other', 9);

-- cv_tech_stack_items
INSERT INTO cv_tech_stack_items (id, category_id, item, sort_order) VALUES
  (1, 1, 'Python', 0),
  (2, 1, 'Java', 1),
  (3, 1, 'Kotlin', 2),
  (4, 1, 'Go', 3),
  (5, 1, 'R', 4),
  (6, 1, 'SQL', 5),
  (7, 1, 'MySQL', 6),
  (8, 1, 'MariaDB', 7),
  (9, 1, 'PostgreSQL', 8),
  (10, 1, 'MongoDB', 9),
  (11, 1, 'Firebase', 10),
  (12, 1, 'PyPI', 11),
  (13, 1, 'Spring', 12),
  (14, 1, 'Django', 13),
  (15, 1, 'Flask', 14),
  (16, 1, 'FastAPI', 15),
  (17, 1, 'SQLite', 16),
  (18, 1, 'JavaScript', 17),
  (19, 1, 'HTML', 18),
  (20, 1, 'CSS', 19),
  (21, 2, 'Scikit-learn', 0),
  (22, 2, 'TensorFlow', 1),
  (23, 2, 'Keras', 2),
  (24, 2, 'PyTorch', 3),
  (25, 2, 'Caret', 4),
  (26, 2, 'OpenCV', 5),
  (27, 2, 'Pandas', 6),
  (28, 2, 'NumPy', 7),
  (29, 2, 'Matplotlib', 8),
  (30, 2, 'Seaborn', 9),
  (31, 2, 'Plotly', 10),
  (32, 2, 'GeoPandas', 11),
  (33, 3, 'LLM', 0),
  (34, 3, 'RAG', 1),
  (35, 3, 'GitHub Copilot', 2),
  (36, 3, 'n8n', 3),
  (37, 3, 'Zapier', 4),
  (38, 3, 'Windsurf', 5),
  (39, 3, 'Cursor', 6),
  (40, 3, 'AI', 7),
  (41, 4, 'Google Cloud', 0),
  (42, 4, 'AWS', 1),
  (43, 4, 'Azure', 2),
  (44, 4, 'Apache Airflow', 3),
  (45, 4, 'dbt', 4),
  (46, 5, 'Looker', 0),
  (47, 5, 'Looker Studio', 1),
  (48, 5, 'Power BI', 2),
  (49, 5, 'Tableau', 3),
  (50, 5, 'DataFlow', 4),
  (51, 5, 'DataMesh', 5),
  (52, 5, 'Shiny', 6),
  (53, 5, 'Dplyr', 7),
  (54, 5, 'Ggplot2', 8),
  (55, 5, 'Amplitude', 9),
  (56, 5, 'MicroStrategy', 10),
  (57, 6, 'Git', 0),
  (58, 6, 'Jupyter', 1),
  (59, 6, 'Terminal', 2),
  (60, 6, 'Figma', 3),
  (61, 7, 'Jira', 0),
  (62, 7, 'Notion', 1),
  (63, 7, 'Monday', 2),
  (64, 7, 'Trello', 3),
  (65, 7, 'Google Suite', 4),
  (66, 7, 'Microsoft Office', 5),
  (67, 7, 'Product Management', 6),
  (68, 7, 'Agile', 7),
  (69, 8, 'Hacking', 0),
  (70, 8, 'Pentesting', 1),
  (71, 8, 'Ciberseguridad', 2),
  (72, 8, 'Desarrollo Seguro', 3),
  (73, 8, 'Hacking ético', 4),
  (74, 8, 'Seguridad', 5),
  (75, 8, 'SSDLC', 6),
  (76, 9, 'Leadership', 0),
  (77, 9, 'Communication', 1),
  (78, 9, 'Problem Solving', 2),
  (79, 9, 'Critical Thinking', 3),
  (80, 9, 'Team Management', 4),
  (81, 9, 'Mentoring', 5),
  (82, 9, 'Public Speaking', 6),
  (83, 9, 'Negotiation', 7),
  (84, 9, 'Time Management', 8),
  (85, 9, 'Adaptability', 9),
  (86, 9, 'Creativity', 10),
  (87, 9, 'Emotional Intelligence', 11),
  (88, 10, 'Blockchain', 0);
SELECT setval('cv_tech_stack_categories_id_seq', 10);
SELECT setval('cv_tech_stack_items_id_seq', 88);

-- cv_consulting_meta
INSERT INTO cv_consulting_meta (id, headline_es, headline_en, subheadline_es, subheadline_en, calendly_url) VALUES
  (1, 'Tecnología que impulsa tu negocio', 'Technology that drives your business',
   'Automatización IA, Business Intelligence y transformación digital para PyMEs argentinas', 'AI Automation, Business Intelligence and digital transformation for Argentine SMEs',
   'https://calendly.com/gobeamariano/mga-consulting');

-- cv_consulting_stats
INSERT INTO cv_consulting_stats (value, label_es, label_en, sort_order) VALUES
  ('−80%', 'Reducción costos operativos', 'Operational cost reduction', 0),
  ('×3', 'Aumento en conversión', 'Conversion increase', 1),
  ('$0', 'Costo de infraestructura', 'Infrastructure cost', 2),
  ('6+', 'Años en MercadoLibre', 'Years at MercadoLibre', 3);

-- cv_consulting_process_steps
INSERT INTO cv_consulting_process_steps (number, title_es, title_en, description_es, description_en, sort_order) VALUES
  ('01', 'Diagnóstico Gratuito', 'Free Diagnosis', 'Analizamos tu negocio, identificamos cuellos de botella y oportunidades de automatización en una reunión de 30 minutos.', 'We analyze your business, identify bottlenecks and automation opportunities in a 30-minute meeting.', 0),
  ('02', 'Propuesta Personalizada', 'Custom Proposal', 'Diseñamos una solución a medida con ROI estimado, timeline realista y tecnologías específicas para tu caso.', 'We design a custom solution with estimated ROI, realistic timeline, and specific technologies for your case.', 1),
  ('03', 'Implementación Ágil', 'Agile Implementation', 'Ejecutamos en sprints cortos para que veas resultados rápidos. Entregamos MVPs funcionales en 2-4 semanas.', 'We execute in short sprints so you see quick results. We deliver functional MVPs in 2-4 weeks.', 2),
  ('04', 'Soporte Continuo', 'Continuous Support', 'Capacitamos a tu equipo y te acompañamos post-lanzamiento para garantizar el éxito a largo plazo.', 'We train your team and support you post-launch to ensure long-term success.', 3);

-- blog_posts
INSERT INTO blog_posts (id, slug, file, title_es, title_en, excerpt_es, excerpt_en, date, category, featured, read_time, author, sort_order) VALUES
  (1, 'optimizar-queries-mercadolibre', '2026-02-01-optimizar-queries-mercadolibre.md',
   'Cómo optimizamos queries en MercadoLibre: De 2min a 5seg', 'How we optimized queries at MercadoLibre: From 2min to 5sec',
   'Técnicas reales que usamos para reducir costos en BigQuery y mejorar la experiencia de usuario. Caso práctico de optimización SQL.', 'Real techniques to reduce BigQuery costs and improve user experience. Practical SQL optimization case.',
   '2026-02-01', 'data-engineering',
   TRUE, '8 min', 'Mariano Gobea Alcoba', 0),
  (2, 'python-automatizar-impuestos-argentina', '2026-02-08-python-automatizar-impuestos-argentina.md',
   'Python para automatizar tu Declaración de Ganancias', 'Python to automate your Income Tax Declaration',
   'Guía práctica para automatizar cálculos fiscales con Python. Incluye código reutilizable y ejemplos del mundo real.', 'Practical guide to automate tax calculations with Python. Includes reusable code and real-world examples.',
   '2026-02-08', 'python',
   TRUE, '10 min', 'Mariano Gobea Alcoba', 1),
  (3, 'errores-comunes-data-pipelines', '2026-02-15-errores-comunes-data-pipelines.md',
   '5 errores comunes en pipelines de datos (y cómo evitarlos)', '5 common mistakes in data pipelines (and how to avoid them)',
   'Lecciones aprendidas construyendo pipelines a escala en MercadoLibre. Evita estos errores y ahorra tiempo y dinero.', 'Lessons learned building pipelines at scale at MercadoLibre. Avoid these mistakes and save time and money.',
   '2026-02-15', 'data-engineering',
   FALSE, '12 min', 'Mariano Gobea Alcoba', 2),
  (4, 'negociacion-salarial-it-argentina-2026', '2026-02-22-negociacion-salarial-it-argentina-2026.md',
   'Calculá tu sueldo IT correcto: Guía para entrevistas 2026', 'Calculate your correct IT salary: Interview guide 2026',
   'Herramientas prácticas y estrategias para negociar tu sueldo en el sector tecnológico argentino. Incluye simulador.', 'Practical tools and strategies to negotiate your salary in Argentina''s tech sector. Includes simulator.',
   '2026-02-22', 'business-intelligence',
   TRUE, '7 min', 'Mariano Gobea Alcoba', 3),
  (5, 'bigquery-costos-optimizacion', '2026-03-01-bigquery-costos-optimizacion.md',
   'BigQuery: Cómo reduje costos en 70% con estas 7 técnicas', 'BigQuery: How I reduced costs by 70% with these 7 techniques',
   'Estrategias probadas en MercadoLibre para reducir costos masivos en BigQuery. Desde particionamiento hasta clustering.', 'Proven strategies at MercadoLibre to reduce massive BigQuery costs. From partitioning to clustering.',
   '2026-03-01', 'data-engineering',
   TRUE, '10 min', 'Mariano Gobea Alcoba', 4),
  (6, 'genai-produccion-checklist', '2026-03-08-genai-produccion-checklist.md',
   'GenAI en Producción: Checklist de 15 puntos antes de deploy', 'GenAI in Production: 15-point checklist before deployment',
   'No lleves tu modelo de IA a producción sin revisar esto. Lecciones de proyectos reales.', 'Don''t take your AI model to production without checking this. Lessons from real projects.',
   '2026-03-08', 'automation',
   TRUE, '12 min', 'Mariano Gobea Alcoba', 5),
  (7, 'airflow-vs-prefect-2026', '2026-03-15-airflow-vs-prefect-2026.md',
   'Airflow vs Prefect en 2026: ¿Cuál elegir?', 'Airflow vs Prefect in 2026: Which to choose?',
   'Comparativa práctica basada en experiencia real. Pros, contras y cuándo usar cada herramienta.', 'Practical comparison based on real experience. Pros, cons and when to use each tool.',
   '2026-03-15', 'data-engineering',
   TRUE, '11 min', 'Mariano Gobea Alcoba', 6),
  (8, 'python-async-data-pipelines', '2026-03-22-python-async-data-pipelines.md',
   'Python Async para Data Pipelines: De 2 horas a 15 minutos', 'Python Async for Data Pipelines: From 2 hours to 15 minutes',
   'Cómo usar asyncio y aiohttp para paralelizar fetches de APIs y acelerar pipelines dramáticamente.', 'How to use asyncio and aiohttp to parallelize API fetches and dramatically speed up pipelines.',
   '2026-03-22', 'python',
   TRUE, '9 min', 'Mariano Gobea Alcoba', 7),
  (9, 'vector-databases-guia-practica', '2026-03-29-vector-databases-guia-practica.md',
   'Vector Databases: Guía práctica para RAG en producción', 'Vector Databases: Practical guide for RAG in production',
   'Todo sobre vector databases para implementar RAG. Pinecone vs Weaviate vs Milvus.', 'Everything about vector databases to implement RAG. Pinecone vs Weaviate vs Milvus.',
   '2026-03-29', 'automation',
   TRUE, '13 min', 'Mariano Gobea Alcoba', 8),
  (10, 'dbt-analytics-engineering', '2026-04-05-dbt-analytics-engineering.md',
   'dbt: La herramienta que cambió el Analytics Engineering', 'dbt: The tool that changed Analytics Engineering',
   'Por qué dbt se convirtió en el estándar de la industria y cómo empezar a usarlo.', 'Why dbt became the industry standard and how to start using it.',
   '2026-04-05', 'data-engineering',
   FALSE, '10 min', 'Mariano Gobea Alcoba', 9),
  (11, 'langchain-vs-llamaindex', '2026-04-12-langchain-vs-llamaindex.md',
   'LangChain vs LlamaIndex: ¿Cuál usar para tu app de GenAI?', 'LangChain vs LlamaIndex: Which one for your GenAI app?',
   'Comparativa práctica de los dos frameworks más populares para aplicaciones GenAI.', 'Practical comparison of the two most popular frameworks for GenAI applications.',
   '2026-04-12', 'automation',
   TRUE, '11 min', 'Mariano Gobea Alcoba', 10),
  (12, 'pandas-vs-polars-performance', '2026-04-19-pandas-vs-polars-performance.md',
   'Pandas vs Polars: Benchmark real con 100M filas', 'Pandas vs Polars: Real benchmark with 100M rows',
   '¿Vale la pena migrar de Pandas a Polars? Test con datos reales. Spoiler: Polars es 10-20x más rápido.', 'Is it worth migrating from Pandas to Polars? Test with real data. Spoiler: Polars is 10-20x faster.',
   '2026-04-19', 'python',
   FALSE, '9 min', 'Mariano Gobea Alcoba', 11),
  (13, 'streamlit-dashboards-rapidos', '2026-04-26-streamlit-dashboards-rapidos.md',
   'Streamlit: De idea a dashboard en 30 minutos', 'Streamlit: From idea to dashboard in 30 minutes',
   'Cómo construir dashboards interactivos profesionales sin saber frontend.', 'How to build professional interactive dashboards without knowing frontend.',
   '2026-04-26', 'python',
   FALSE, '8 min', 'Mariano Gobea Alcoba', 12),
  (14, 'kafka-basics-data-engineers', '2026-05-03-kafka-basics-data-engineers.md',
   'Kafka para Data Engineers: Lo esencial en 10 minutos', 'Kafka for Data Engineers: The essentials in 10 minutes',
   'Todo lo que un data engineer necesita saber sobre Kafka sin el ruido.', 'Everything a data engineer needs to know about Kafka without the noise.',
   '2026-05-03', 'data-engineering',
   FALSE, '10 min', 'Mariano Gobea Alcoba', 13),
  (15, 'chatgpt-api-trucos-avanzados', '2026-05-10-chatgpt-api-trucos-avanzados.md',
   '10 trucos avanzados de ChatGPT API que nadie te cuenta', '10 advanced ChatGPT API tricks no one tells you about',
   'Técnicas poco conocidas para sacar más provecho de la API de ChatGPT.', 'Little-known techniques to get more out of the ChatGPT API.',
   '2026-05-10', 'automation',
   TRUE, '11 min', 'Mariano Gobea Alcoba', 14),
  (16, 'docker-data-engineers', '2026-05-17-docker-data-engineers.md',
   'Docker para Data Engineers: Lo que realmente necesitás saber', 'Docker for Data Engineers: What you really need to know',
   'Docker sin el fluff. Comandos esenciales, best practices y cómo dockerizar tus pipelines.', 'Docker without the fluff. Essential commands, best practices and how to dockerize your pipelines.',
   '2026-05-17', 'data-engineering',
   FALSE, '9 min', 'Mariano Gobea Alcoba', 15),
  (17, 'sql-window-functions-guia', '2026-05-24-sql-window-functions-guia.md',
   'SQL Window Functions: La guía definitiva con ejemplos reales', 'SQL Window Functions: The definitive guide with real examples',
   'Window functions son la feature más poderosa de SQL que muchos no usan.', 'Window functions are SQL''s most powerful feature that many don''t use.',
   '2026-05-24', 'data-engineering',
   TRUE, '12 min', 'Mariano Gobea Alcoba', 16),
  (18, 'prompt-engineering-productividad', '2026-05-31-prompt-engineering-productividad.md',
   'Prompt Engineering para Productividad: 15 prompts diarios', 'Prompt Engineering for Productivity: 15 daily prompts',
   'Los prompts que me hacen 3x más productivo como Technical Leader.', 'The prompts that make me 3x more productive as a Technical Leader.',
   '2026-05-31', 'automation',
   TRUE, '10 min', 'Mariano Gobea Alcoba', 17),
  (19, 'data-quality-great-expectations', '2026-06-07-data-quality-great-expectations.md',
   'Data Quality con Great Expectations: No más data corrupta', 'Data Quality with Great Expectations: No more corrupt data',
   'Cómo implementar data quality checks que atrapan problemas antes de producción.', 'How to implement data quality checks that catch problems before production.',
   '2026-06-07', 'data-engineering',
   FALSE, '11 min', 'Mariano Gobea Alcoba', 18),
  (20, 'automatizar-reportes-python', '2026-06-14-automatizar-reportes-python.md',
   'Cómo automaticé 40 horas mensuales de reportes con Python', 'How I automated 40 monthly hours of reports with Python',
   'De Excel manual a reportes automatizados en PDF y Email. El proceso completo.', 'From manual Excel to automated PDF and Email reports. The complete process.',
   '2026-06-14', 'automation',
   TRUE, '13 min', 'Mariano Gobea Alcoba', 19),
  (21, 'embeddings-explicados-simple', '2026-06-21-embeddings-explicados-simple.md',
   'Embeddings explicados simple: La magia detrás de GenAI', 'Embeddings explained simply: The magic behind GenAI',
   'Qué son embeddings, cómo funcionan y por qué son la tecnología clave detrás de GenAI.', 'What embeddings are, how they work and why they''re the key technology behind GenAI.',
   '2026-06-21', 'automation',
   TRUE, '10 min', 'Mariano Gobea Alcoba', 20);

-- blog_post_tags
INSERT INTO blog_post_tags (id, post_id, tag) VALUES
  (1, 1, 'sql'),
  (2, 1, 'performance'),
  (3, 1, 'bigquery'),
  (4, 2, 'python'),
  (5, 2, 'automation'),
  (6, 2, 'tax'),
  (7, 3, 'data-pipeline'),
  (8, 3, 'best-practices'),
  (9, 4, 'salary'),
  (10, 4, 'negotiation'),
  (11, 4, 'career'),
  (12, 5, 'bigquery'),
  (13, 5, 'gcp'),
  (14, 5, 'costs'),
  (15, 6, 'genai'),
  (16, 6, 'llm'),
  (17, 6, 'production'),
  (18, 7, 'airflow'),
  (19, 7, 'prefect'),
  (20, 7, 'orchestration'),
  (21, 8, 'python'),
  (22, 8, 'async'),
  (23, 8, 'performance'),
  (24, 9, 'vector-db'),
  (25, 9, 'rag'),
  (26, 9, 'embeddings'),
  (27, 10, 'dbt'),
  (28, 10, 'analytics-engineering'),
  (29, 10, 'sql'),
  (30, 11, 'langchain'),
  (31, 11, 'llamaindex'),
  (32, 11, 'genai'),
  (33, 12, 'pandas'),
  (34, 12, 'polars'),
  (35, 12, 'performance'),
  (36, 13, 'streamlit'),
  (37, 13, 'dashboards'),
  (38, 13, 'visualization'),
  (39, 14, 'kafka'),
  (40, 14, 'streaming'),
  (41, 14, 'real-time'),
  (42, 15, 'chatgpt'),
  (43, 15, 'openai'),
  (44, 15, 'api'),
  (45, 16, 'docker'),
  (46, 16, 'containers'),
  (47, 16, 'devops'),
  (48, 17, 'sql'),
  (49, 17, 'window-functions'),
  (50, 17, 'analytics'),
  (51, 18, 'prompts'),
  (52, 18, 'genai'),
  (53, 18, 'productivity'),
  (54, 19, 'data-quality'),
  (55, 19, 'testing'),
  (56, 19, 'validation'),
  (57, 20, 'python'),
  (58, 20, 'automation'),
  (59, 20, 'reports'),
  (60, 21, 'embeddings'),
  (61, 21, 'genai'),
  (62, 21, 'ml');

-- blog_categories
INSERT INTO blog_categories (name, sort_order) VALUES
  ('data-engineering', 0),
  ('python', 1),
  ('automation', 2),
  ('business-intelligence', 3);
SELECT setval('blog_posts_id_seq', 21);
SELECT setval('blog_post_tags_id_seq', 62);

-- videos
INSERT INTO videos (id, youtube_id, title_es, title_en, description_es, description_en, category, duration, date, channel, featured, sort_order) VALUES
  ('video-1', 'u8hgIp-0YIY',
   'Aprende Model Context Protocol (MCP) + demo real en Cursor', 'Learn Model Context Protocol (MCP) + real Cursor demo',
   'Masterclass en vivo con Mariano Gobea, Tech Lead en Mercado Libre. Aprende cómo conectar modelos de IA con tus datos mediante Model Context Protocol y ve una demostración práctica en Cursor IDE.', 'Live masterclass with Mariano Gobea, Tech Lead at Mercado Libre. Learn how to connect AI models with your data using Model Context Protocol and watch a practical demo in Cursor IDE.',
   'data-engineering', '31:28', '2026-01-29',
   'Henry', TRUE, 0),
  ('video-2', '_gNzUsDOH1w',
   'Cómo crear un sistema RAG con Python + OpenAI (Clase AI Engineering)', 'How to build a RAG system with Python + OpenAI (AI Engineering Class)',
   'Clase completa de AI Engineering: aprende a implementar Retrieval Augmented Generation (RAG) con Python y OpenAI para aplicaciones GenAI en producción. Conceptos fundamentales, arquitectura y código práctico.', 'Complete AI Engineering class: learn to implement Retrieval Augmented Generation (RAG) with Python and OpenAI for production GenAI applications. Fundamental concepts, architecture and practical code.',
   'genai', '55:51', '2025-12-04',
   'Henry', TRUE, 1),
  ('video-3', 'vi3NEkdZGaI',
   'Procesamiento de datos en Python: De CSV a tablas listas para Análisis', 'Data Processing in Python: From CSV to Analysis-Ready Tables',
   'Live session sobre procesamiento y transformación de datos con Python. Aprende a convertir archivos CSV a tablas listas para análisis usando Pandas, mejores prácticas de limpieza de datos y optimización de pipelines.', 'Live session on data processing and transformation with Python. Learn to convert CSV files to analysis-ready tables using Pandas, data cleaning best practices and pipeline optimization.',
   'python', '47:10', '2024-10-10',
   'Henry', TRUE, 2),
  ('video-4', 'Q9dYQVIudbI',
   'IA para Marketing | Automatiza y crea contenido con n8n, JinaAI y Notion', 'AI for Marketing | Automate and create content with n8n, JinaAI and Notion',
   'Masterclass en vivo con Mariano Gobea. Aprende a crear tu propia ''content machine'' automatizada usando IA. Integración de n8n, JinaAI y Notion para automatizar la creación de contenido de marketing con inteligencia artificial.', 'Live masterclass with Mariano Gobea. Learn to create your own automated ''content machine'' using AI. Integration of n8n, JinaAI and Notion to automate marketing content creation with artificial intelligence.',
   'automation', '1:04:13', '2026-02-03',
   'Henry', TRUE, 3),
  ('video-5', 'H-5wJEDNkLk',
   'IA para Ventas: automatiza el research de leads y aumenta respuestas con IA y n8n', 'AI for Sales: automate lead research and increase responses with AI and n8n',
   'Masterclass en vivo con Mariano Gobea, Tech Lead de Mercado Libre. Aprende cómo usar IA para automatizar el research de leads y mejorar la personalización en ventas. A través de un flujo en n8n, cada vez que entra un lead al CRM, la IA investiga la empresa, analiza información relevante y genera un icebreaker personalizado listo para enviar.', 'Live masterclass with Mariano Gobea, Tech Lead at Mercado Libre. Learn how to use AI to automate lead research and improve sales personalization. Through an n8n workflow, every time a lead enters the CRM, AI researches the company, analyzes relevant information and generates a personalized icebreaker ready to send.',
   'automation', '45:28', '2026-02-02',
   'Henry', TRUE, 4),
  ('video-6', 'zjmdge-1B0M',
   'IA para finanzas | Crea tu monitor de tendencias financieras con n8n, JinaAI Y OpenRouter', 'AI for Finance | Build your financial trends monitor with n8n, JinaAI and OpenRouter',
   'Masterclass en vivo con Mariano Gobea, Tech Lead de Mercado Libre. Aprende a construir un sistema de monitoreo financiero automático con IA que analiza noticias 24/7, detecta señales relevantes y te envía alertas solo cuando realmente pasa algo importante. Una clase práctica para entender cómo aplicar IA y automatización en finanzas reales, trabajando con datos no estructurados y sistemas inteligentes.', 'Live masterclass with Mariano Gobea, Tech Lead at Mercado Libre. Learn to build an automatic financial monitoring system with AI that analyzes news 24/7, detects relevant signals and sends you alerts only when something important really happens. A practical class to understand how to apply AI and automation in real finance, working with unstructured data and intelligent systems.',
   'automation', '39:33', '2026-02-04',
   'Henry', TRUE, 5);

-- video_tags
INSERT INTO video_tags (id, video_id, tag) VALUES
  (1, 'video-1', 'data-engineering'),
  (2, 'video-1', 'architecture'),
  (3, 'video-1', 'mcp'),
  (4, 'video-1', 'cursor'),
  (5, 'video-1', 'ai'),
  (6, 'video-1', 'mercadolibre'),
  (7, 'video-2', 'genai'),
  (8, 'video-2', 'rag'),
  (9, 'video-2', 'python'),
  (10, 'video-2', 'openai'),
  (11, 'video-2', 'ai-engineering'),
  (12, 'video-2', 'llm'),
  (13, 'video-3', 'python'),
  (14, 'video-3', 'pandas'),
  (15, 'video-3', 'data-processing'),
  (16, 'video-3', 'csv'),
  (17, 'video-3', 'data-cleaning'),
  (18, 'video-3', 'etl'),
  (19, 'video-4', 'automation'),
  (20, 'video-4', 'ai'),
  (21, 'video-4', 'marketing'),
  (22, 'video-4', 'n8n'),
  (23, 'video-4', 'notion'),
  (24, 'video-4', 'content-creation'),
  (25, 'video-4', 'no-code'),
  (26, 'video-5', 'automation'),
  (27, 'video-5', 'ai'),
  (28, 'video-5', 'sales'),
  (29, 'video-5', 'n8n'),
  (30, 'video-5', 'crm'),
  (31, 'video-5', 'hubspot'),
  (32, 'video-5', 'lead-research'),
  (33, 'video-5', 'personalization'),
  (34, 'video-6', 'automation'),
  (35, 'video-6', 'ai'),
  (36, 'video-6', 'finance'),
  (37, 'video-6', 'n8n'),
  (38, 'video-6', 'monitoring'),
  (39, 'video-6', 'financial-news'),
  (40, 'video-6', 'openrouter'),
  (41, 'video-6', 'jinaai');

-- video_playlists
INSERT INTO video_playlists (id, name, description, thumbnail, video_count) VALUES
  ('playlist-python-data', 'Serie: Python para Data Engineering', 'Serie completa de tutoriales de Python aplicado a ingeniería de datos', '', 2),
  ('playlist-mercadolibre', 'Insights desde MercadoLibre', 'Experiencias y aprendizajes trabajando en una de las tech companies más grandes de Latinoamérica', '', 2);
SELECT setval('video_tags_id_seq', 41);

-- tax_calculator_params
INSERT INTO tax_calculator_params (id, period, gni, deduccion_especial, conyuge, hijo, hijo_incapacitado,
  aportes_pct, aportes_base_min, aportes_base_max, alquiler_pct, alquiler_tope,
  hipotecario_tope, medicos_pct, gn_tope_pct, educacion_tope, seguro_vida_tope, sepelio_tope) VALUES
  (1, 'Ene-Jun 2026',
   5151802.5, 24728652.02, 4851964.66, 2446863.48, 4893726.96,
   0.17, 117643.93, 3823372.95,
   0.4, 5151802.5, 20000,
   0.4, 0.05, 2060721,
   655000, 1136);

-- tax_scale_brackets (Art. 94 LIG, 9 brackets)
INSERT INTO tax_scale_brackets (params_id, bracket_order, limit_amount, fixed_amount, pct) VALUES
  (1, 0, 0, 0, 0.05),
  (1, 1, 2000030.09, 100001.5, 0.09),
  (1, 2, 4000060.17, 280004.21, 0.12),
  (1, 3, 6000090.26, 520007.82, 0.15),
  (1, 4, 9000135.4, 970014.59, 0.19),
  (1, 5, 18000270.8, 2680040.32, 0.23),
  (1, 6, 27000406.2, 4750071.46, 0.27),
  (1, 7, 40500609.3, 8395126.3, 0.31),
  (1, 8, 60750913.96, 14672720.74, 0.35);

-- tax_scenarios
INSERT INTO tax_scenarios (label_es, label_en, salary_label_es, salary_label_en,
  gross_salary, conyuge, hijos, hijos_incap, alquiler, alquiler_anual, extra_income, include_sac, color_class, sort_order) VALUES
  ('Soltero/a, sin hijos', 'Single, no children', 'Salario: $2.500.000', 'Salary: $2,500,000',
   2500000, FALSE, 0, 0,
   0, TRUE, 0, TRUE,
   'border-sky-400/40 text-sky-300', 0),
  ('Casado/a con 2 hijos', 'Married with 2 children', 'Salario: $4.000.000', 'Salary: $4,000,000',
   4000000, TRUE, 2, 0,
   0, TRUE, 0, TRUE,
   'border-teal-400/40 text-teal-300', 1),
  ('Soltero/a que alquila', 'Single, renting', 'Salario: $3.200.000, alquiler $300k/mes', 'Salary: $3,200,000, rent $300k/mo',
   3200000, FALSE, 0, 0,
   300000, FALSE, 0, TRUE,
   'border-indigo-400/40 text-indigo-300', 2),
  ('Con bono anual', 'With annual bonus', 'Salario: $3.500.000 + bono $7.000.000', 'Salary: $3,500,000 + bonus $7,000,000',
   3500000, FALSE, 0, 0,
   0, TRUE, 7000000, TRUE,
   'border-amber-400/40 text-amber-300', 3);

-- tax_tabs
INSERT INTO tax_tabs (tab_id, label_es, label_en, title_es, title_en, content_es, content_en, formula_es, formula_en, sort_order) VALUES
  ('paso1', 'Paso 1: Ganancia Bruta', 'Step 1: Gross Income',
   'Determinar la Ganancia Bruta Anual', 'Determine Annual Gross Income',
   'Se proyecta el ingreso anual sumando los 12 salarios mensuales y el SAC (aguinaldo) si corresponde. Se añaden también los ingresos extra anuales como bonos.', 'Annual income is projected by adding 12 monthly salaries and the SAC (bonus) if applicable. Annual extra income such as bonuses is also added.',
   'Ganancia Bruta = (Sueldo × 12 ó 13) + Ingresos Extra', 'Gross Income = (Salary × 12 or 13) + Extra Income', 0),
  ('paso2', 'Paso 2: Deducciones', 'Step 2: Deductions',
   'Restar las Deducciones Anuales', 'Subtract Annual Deductions',
   'Se restan: Aportes obligatorios (17% sobre base imponible con topes), GNI ($5.151.802) + Deducción Especial ($24.728.652), deducciones por familiares a cargo, y otras deducciones permitidas (alquiler 40%, médicos 40%, etc.).', 'Subtracted: Mandatory contributions (17% on taxable base with caps), MNI ($5,151,802) + Special Deduction ($24,728,652), deductions for dependents, and other allowed deductions (rent 40%, medical 40%, etc.).',
   'Ganancia Neta = Bruta − Aportes − GNI − Ded. Especial − Ded. Personales − Otras Ded.', 'Net Income = Gross − Contributions − MNI − Special Ded. − Personal Ded. − Other Ded.', 1),
  ('paso3', 'Paso 3: Escala', 'Step 3: Scale',
   'Aplicar la Escala Progresiva (Art. 94 LIG)', 'Apply Progressive Scale (Art. 94 LIG)',
   'La Ganancia Neta sujeta a Impuesto se ubica en la escala del Art. 94 LIG: cada tramo tiene un monto fijo más un porcentaje sobre el excedente. Valores anuales Ene-Jun 2026.', 'Taxable Net Income is placed in the Art. 94 LIG scale: each bracket has a fixed amount plus a percentage of the excess. Annual values Jan-Jun 2026.',
   NULL, NULL, 2),
  ('paso4', 'Paso 4: Retención', 'Step 4: Withholding',
   'Determinar la Retención Mensual', 'Determine Monthly Withholding',
   'El impuesto anual total se divide por 12 (o 13 si se incluyó el SAC). El resultado es la retención mensual que descuenta el empleador.', 'Total annual tax is divided by 12 (or 13 if SAC was included). The result is the monthly withholding that the employer deducts.',
   'Retención Mensual = Impuesto Anual ÷ 12', 'Monthly Withholding = Annual Tax ÷ 12', 3);

-- plazo_fijo_rates (26 months)
INSERT INTO plazo_fijo_rates (period, monthly_rate) VALUES
  ('2024-01', 9.0),
  ('2024-02', 9.0),
  ('2024-03', 7.2),
  ('2024-04', 5.4),
  ('2024-05', 5.0),
  ('2024-06', 4.5),
  ('2024-07', 4.0),
  ('2024-08', 3.8),
  ('2024-09', 3.5),
  ('2024-10', 3.2),
  ('2024-11', 3.0),
  ('2024-12', 2.9),
  ('2025-01', 2.85),
  ('2025-02', 2.8),
  ('2025-03', 2.75),
  ('2025-04', 2.7),
  ('2025-05', 2.7),
  ('2025-06', 2.65),
  ('2025-07', 2.6),
  ('2025-08', 2.55),
  ('2025-09', 2.5),
  ('2025-10', 2.5),
  ('2025-11', 2.5),
  ('2025-12', 2.5),
  ('2026-01', 2.75),
  ('2026-02', 2.75);

-- ai_models — prices in USD per 1M tokens (updated Feb 2026)
INSERT INTO ai_models (name, provider, input_per_1m, output_per_1m, color_class, sort_order) VALUES
  ('GPT-4o', 'OpenAI', 2.50, 10.00, 'text-green-400', 0),
  ('GPT-4o mini', 'OpenAI', 0.15, 0.60, 'text-green-300', 1),
  ('o3-mini', 'OpenAI', 1.10, 4.40, 'text-green-500', 2),
  ('Claude 3.5 Sonnet', 'Anthropic', 3.00, 15.00, 'text-orange-400', 3),
  ('Claude 3.5 Haiku', 'Anthropic', 0.80, 4.00, 'text-orange-300', 4),
  ('Gemini 2.0 Flash', 'Google', 0.10, 0.40, 'text-blue-400', 5),
  ('Gemini 2.0 Flash-Lite', 'Google', 0.075, 0.30, 'text-blue-300', 6),
  ('Grok-2', 'xAI', 2.00, 10.00, 'text-purple-400', 7);

-- neil_config (JSONB blobs)
INSERT INTO neil_config (id, meta, brand, hero, flags, pre_cooling, europe, contact, footer, automations, sales_proposal) VALUES
  (1,
   '{"siteName": "Neil Climatizadores", "siteUrl": "https://neil.com.ar", "language": "es", "availableLangs": ["es", "en", "it", "fr", "pt", "de"], "googleSiteVerification": ""}'::jsonb,
   '{"name": "Neil", "legalName": "Neil Climatizadores", "tagline": "Tecnología que te acompaña", "founded": "1990s", "yearsOfExperience": "30+", "logo": "/neil-site/images/logo-neil-transparent.png", "logo02": "/neil-site/images/logo-neil-02.png", "faviconN": "/neil-site/favicon.png", "patent": "AR-031005B1", "primaryColor": "#0CC1C1", "accentColor": "#FF6B35"}'::jsonb,
   '{"backgroundImages": ["/neil-site/images/hero-climatizadores.jpg", "/neil-site/images/hero-aire.jpg", "/neil-site/images/caldera.png"], "stats": [{"value": "30+", "labelKey": "hero.statYears"}, {"value": "100s", "labelKey": "hero.statDealers"}, {"value": "5", "labelKey": "hero.statCategories"}, {"value": "6", "labelKey": "hero.statLanguages"}]}'::jsonb,
   '{"es": "/neil-site/images/flag-es.png", "en": "/neil-site/images/flag-en.png", "it": "/neil-site/images/flag-it.png", "fr": "/neil-site/images/flag-fr.png", "pt": "/neil-site/images/flag-pt.png", "de": "/neil-site/images/flag-de.png"}'::jsonb,
   '{"patent": "AR-031005B1", "image": "/neil-site/images/bomba.png", "diagramImage": "/neil-site/images/c260.png"}'::jsonb,
   '{"galleryImages": ["/neil-site/images/europa1.png", "/neil-site/images/europa2.png", "/neil-site/images/europa3.png", "/neil-site/images/europa4.png", "/neil-site/images/europa5.png"], "dealerUrl": "https://neil.com.ar/revendedores-europa/"}'::jsonb,
   '{"location": {"address": "Av. Bicentenario 459 (Ex Gral. Paz)", "city": "Merlo", "province": "Buenos Aires", "country": "Argentina", "fullAddress": "Av. Bicentenario 459, Merlo, Bs. As."}, "emails": ["info@neil.com.ar", "ventas@neil.com.ar", "sales@neil.com.ar"], "phones": ["(54-220) 486-5578", "(54-11) 6385 0209", "0800-222-0177"], "whatsapp": {"sales": "https://wa.me/5491143850209", "support": "https://wa.me/5492204865578"}, "social": {"facebook": "https://www.facebook.com/ClimatizadoresNeil/", "instagram": "https://www.instagram.com/neilclimatizadores/", "youtube": "https://www.youtube.com/channel/UCBeCxb8cuDp5ng1GlGq8EHg"}, "store": "https://neil.com.ar/tienda/"}'::jsonb,
   '{"links": [{"key": "footer.linkPrivacy", "url": "https://neil.com.ar/politica-de-privacidad/"}, {"key": "footer.linkTerms", "url": "https://neil.com.ar/terminos-y-condiciones/"}, {"key": "footer.linkDealers", "url": "https://neil.com.ar/revendedores/"}, {"key": "footer.linkSupport", "url": "https://neil.com.ar/soporte-tecnico/"}]}'::jsonb,
   '{"contactLead": {"title": "Automatización de Lead de Contacto", "steps": ["El formulario captura datos del interesado", "n8n procesa y clasifica el lead por idioma/país", "Se envía email al área de ventas/soporte internacional", "CRM actualizado automáticamente", "Lead recibe email de confirmación personalizado en su idioma"], "techStack": [{"name": "n8n", "role": "Orquestador de workflows"}, {"name": "Gmail API", "role": "Notificaciones automáticas"}, {"name": "Google Sheets", "role": "Registro de leads"}, {"name": "WhatsApp Business API", "role": "Alertas al equipo de ventas"}], "benefits": ["Respuesta en < 5 minutos al cliente", "Clasificación automática por idioma", "Cero pérdida de leads"]}, "quoteRequest": {"title": "Automatización de Solicitud de Cotización", "steps": ["Cliente selecciona producto y completa datos del vehículo", "n8n genera cotización preliminar con precios actualizados", "Área comercial recibe resumen con perfil del cliente", "PDF de cotización enviado automáticamente al cliente", "Seguimiento automático a las 48hs si no hay respuesta"], "techStack": [{"name": "n8n", "role": "Generación de flujo de cotización"}, {"name": "PDF API", "role": "Generación de cotización en PDF"}, {"name": "Gmail API", "role": "Envío automatizado"}, {"name": "Airtable / CRM", "role": "Seguimiento de oportunidades"}], "benefits": ["Cotización automática en minutos", "Reducción de 80% en tiempo de respuesta", "Pipeline de ventas siempre actualizado"]}}'::jsonb,
   '{"badge": "PROPUESTA COMERCIAL", "disclaimer": "Esta sección es temporal y no será visible al cliente final", "headline": "Neil.com.ar necesita una presencia digital a la altura de su producto", "comparison": {"legacy": ["Diseño WordPress desactualizado de 2019", "Sin soporte para múltiples idiomas estructurado", "Catálogo de productos difícil de navegar", "Sin tracking de leads ni automatizaciones", "Hosting pago con performance variable", "Sin sección clara para el mercado europeo"], "new": ["Landing premium Dark Tech con Framer Motion", "6 idiomas integrados (ES, EN, IT, FR, PT, DE)", "Showcase de productos por categoría con specs técnicas", "Leads capturados y procesados por n8n automáticamente", "$0 de hosting permanente en GitHub Pages", "Sección Europa dedicada con galería de motorhomes"]}, "impactTitle": "Impacto en el negocio", "impactItems": [{"value": "−80%", "label": "Tiempo de respuesta a leads"}, {"value": "×3", "label": "Conversión de visitante a cotización"}, {"value": "$0", "label": "Hosting anual"}, {"value": "6", "label": "Idiomas para mercado global"}], "departments": [{"name": "Ventas Internacional", "icon": "Globe", "automations": ["Lead scoring automático por país/idioma", "Seguimiento de cotizaciones en múltiples monedas", "Notificaciones a representantes europeos por WhatsApp"]}, {"name": "Soporte Técnico", "icon": "Wrench", "automations": ["Ticket de soporte generado automáticamente", "FAQ en 6 idiomas con acceso rápido a manuales", "Alertas de garantía próxima a vencer"]}, {"name": "E-Commerce", "icon": "ShoppingCart", "automations": ["Sincronización de stock en tiempo real", "Abandono de carrito con email de seguimiento", "Confirmación de compra en idioma del cliente"]}, {"name": "Marketing", "icon": "BarChart", "automations": ["Dashboard GA4 unificado por mercado", "Campañas segmentadas por idioma y producto", "Reportes semanales automáticos de rendimiento"]}, {"name": "Revendedores", "icon": "Users", "automations": ["Portal de solicitud de revendedor automatizado", "Onboarding de nuevo revendedor con materiales", "Reportes de ventas por zona geográfica"]}, {"name": "Administración", "icon": "FileText", "automations": ["Facturación automática post-compra", "Seguimiento de garantías y RMA", "Conciliación de ventas por canal"]}], "consultingUrl": "https://mgobeaalcoba.github.io/consulting/", "consultingCta": "Ver más proyectos y servicios de automatización", "signature": "Mariano Gobea Alcoba", "signatureUrl": "https://mgobeaalcoba.github.io"}'::jsonb
);

-- neil_product_categories
INSERT INTO neil_product_categories (id, sort_order) VALUES
  ('climatizadores', 0),
  ('aire-acondicionado', 1),
  ('calderas', 2),
  ('energia', 3),
  ('accesorios', 4);

-- neil_product_models
INSERT INTO neil_product_models (id, category_id, name, description, image, features, sort_order) VALUES
  (1, 'climatizadores', 'Slim Full', '', '/neil-site/images/slim-full.png', '[]'::jsonb, 0),
  (2, 'climatizadores', 'Master', '', '/neil-site/images/master.png', '[]'::jsonb, 1),
  (3, 'climatizadores', 'Neil Camper', '', '/neil-site/images/slim-full.png', '[]'::jsonb, 2),
  (4, 'climatizadores', 'Camper Patagonia', '', '/neil-site/images/slim-full.png', '[]'::jsonb, 3),
  (5, 'climatizadores', 'Camper Solar', '', '/neil-site/images/slim-full.png', '[]'::jsonb, 4),
  (6, 'climatizadores', 'Premium 700', '', '/neil-site/images/master.png', '[]'::jsonb, 5),
  (7, 'climatizadores', 'Essence', '', '/neil-site/images/master.png', '[]'::jsonb, 6),
  (8, 'aire-acondicionado', 'HDK 2200', '', '/neil-site/images/hdk-2200.png', '[]'::jsonb, 0),
  (9, 'aire-acondicionado', 'HDK 2800', '', '/neil-site/images/hdk-2800.png', '[]'::jsonb, 1),
  (10, 'aire-acondicionado', 'HDK 3300', '', '/neil-site/images/hdk-3300.png', '[]'::jsonb, 2),
  (11, 'calderas', 'HE4400 PRO 12V', '', '/neil-site/images/caldera.png', '[]'::jsonb, 0),
  (12, 'calderas', 'HE4400 PRO 24V', '', '/neil-site/images/caldera.png', '[]'::jsonb, 1),
  (13, 'energia', 'Genki 800W', '', '/neil-site/images/genki.png', '[]'::jsonb, 0),
  (14, 'energia', 'Genki 1200W', '', '/neil-site/images/genki.png', '[]'::jsonb, 1),
  (15, 'energia', 'Kit Solar Neil', '', '/neil-site/images/kit-solar.png', '[]'::jsonb, 2),
  (16, 'accesorios', 'Carjack 12V', '', '/neil-site/images/carjack.png', '[]'::jsonb, 0),
  (17, 'accesorios', 'TPMS', '', '/neil-site/images/tpms.png', '[]'::jsonb, 1);
SELECT setval('neil_product_models_id_seq', 17);

-- neil_translations (6 langs × 114 keys)
INSERT INTO neil_translations (id, lang, key, value) VALUES
  (1, 'de', 'lang', 'Deutsch'),
  (2, 'de', 'langCode', 'de'),
  (3, 'de', 'nav.products', 'Produkte'),
  (4, 'de', 'nav.about', 'Über Uns'),
  (5, 'de', 'nav.preCooling', 'Vorkühlung'),
  (6, 'de', 'nav.europe', 'Europa'),
  (7, 'de', 'nav.contact', 'Kontakt'),
  (8, 'de', 'nav.store', 'Online-Shop'),
  (9, 'de', 'nav.cta', 'Angebot Anfordern'),
  (10, 'de', 'hero.headline', 'Innovation und Komfort'),
  (11, 'de', 'hero.highlight', 'für Jedes Fahrzeug'),
  (12, 'de', 'hero.subheadline', 'Spezialisten für Verdunstungskühlung, Klimaanlage und Heizung für Wohnmobile, LKWs und Spezialfahrzeuge. Patentierte Technologie für maximalen Komfort.'),
  (13, 'de', 'hero.cta', 'Produkte Ansehen'),
  (14, 'de', 'hero.ctaSecondary', 'Kontaktieren'),
  (15, 'de', 'hero.statYears', 'Jahre Erfahrung'),
  (16, 'de', 'hero.statDealers', 'Offizielle Händler'),
  (17, 'de', 'hero.statCategories', 'Produktkategorien'),
  (18, 'de', 'hero.statLanguages', 'Supportsprachen'),
  (19, 'de', 'about.sectionLabel', 'Unsere Geschichte'),
  (20, 'de', 'about.title', '30 Jahre führend in der Fahrzeugklimatisierung'),
  (21, 'de', 'about.description', 'Bei Neil Climatizadores widmen wir uns seit über 30 Jahren dem Design, der Herstellung und Installation von Verdunstungskühlern für Fahrzeuge. Wir zeichnen uns durch unser innovatives «Vorkühlungssystem» (Patent AR-031005B1) aus, eine einzigartige technologische Leistung auf den lateinamerikanischen und europäischen Märkten.'),
  (22, 'de', 'about.description2', 'Seit unseren Anfängen haben wir einen klaren Fokus beibehalten: Qualität, Entwicklung, Service und Engagement. Wir bleiben unserem Umweltengagement treu und entwickeln Produkte, die die Energieeffizienz optimieren.'),
  (23, 'de', 'about.pillars', '[{"title": "Qualität", "desc": "Beste Materialien und fortschrittliche Technologie für maximale Qualität in jedem Produkt."}, {"title": "Entwicklung", "desc": "Ständig auf der Suche nach neuen Technologien, um täglich die Qualität unserer Geräte zu verbessern."}, {"title": "Service", "desc": "Wir bieten unseren Kunden den besten Service mit klaren Antworten auf jede Anfrage."}, {"title": "Engagement", "desc": "Kontinuierliche Verbesserung und dauerhaftes Engagement gegenüber Kunden und Umwelt."}]'),
  (24, 'de', 'about.qualityPolicy', 'Qualitätspolitik'),
  (25, 'de', 'about.qualityDesc', 'Unsere Organisation ist der kontinuierlichen Verbesserung der Wirksamkeit unseres Systems verpflichtet, indem wir potenzielle Nichtkonformitäten antizipieren, um ein höheres Maß an Kundenzufriedenheit zu gewährleisten.'),
  (26, 'de', 'about.mediaTitle', 'Neil in den Medien'),
  (27, 'de', 'about.mediaSub', 'Anerkannt von Führungskräften der Transport- und Wohnmobilbranche'),
  (28, 'de', 'products.sectionLabel', 'Unsere Produkte'),
  (29, 'de', 'products.title', 'Lösungen für jeden Bedarf'),
  (30, 'de', 'products.subtitle', 'Verdunstungskühler, Klimaanlage, Heizung und Energie für Wohnmobile, LKWs und Spezialfahrzeuge.'),
  (31, 'de', 'products.categories.climatizadores.title', 'Verdunstungskühler'),
  (32, 'de', 'products.categories.climatizadores.subtitle', 'Exklusives Vorkühlungssystem'),
  (33, 'de', 'products.categories.climatizadores.description', 'Verdunstungskühler mit dem exklusiven Vorkühlungssystem (Patent AR-031005B1). Ultra-flach, 100% lautlos und niedriger Stromverbrauch.'),
  (34, 'de', 'products.categories.climatizadores.badge', 'Exklusivpatent'),
  (35, 'de', 'products.categories.aire-acondicionado.title', 'Klimaanlage'),
  (36, 'de', 'products.categories.aire-acondicionado.subtitle', 'Inverter-Technologie 12V/24V'),
  (37, 'de', 'products.categories.aire-acondicionado.description', 'Klimaanlagen mit Inverter-Technologie 12V und 24V für Wohnmobile und LKWs. Hohe Effizienz bei niedrigem Batterieverbrauch.'),
  (38, 'de', 'products.categories.aire-acondicionado.badge', 'Inverter'),
  (39, 'de', 'products.categories.calderas.title', 'Diesel-Heizungen'),
  (40, 'de', 'products.categories.calderas.subtitle', 'Effiziente Heizung 12V/24V'),
  (41, 'de', 'products.categories.calderas.description', 'Hocheffiziente Diesel-Heizungen für Fahrzeuge. 100% geräuschloses Betrieb ohne laufenden Motor und maximaler Winterkomfort.'),
  (42, 'de', 'products.categories.calderas.badge', 'Diesel'),
  (43, 'de', 'products.categories.energia.title', 'Energie & Solar'),
  (44, 'de', 'products.categories.energia.subtitle', 'Tragbare Generatoren'),
  (45, 'de', 'products.categories.energia.description', 'Genki und Bluetti Linien tragbarer Solargeneratoren, Solarkits und Ladestationen. Autonome Energie für Ihre Abenteuer.'),
  (46, 'de', 'products.categories.energia.badge', 'Solar'),
  (47, 'de', 'products.categories.accesorios.title', 'Zubehör'),
  (48, 'de', 'products.categories.accesorios.subtitle', 'Mehr für Ihr Fahrzeug'),
  (49, 'de', 'products.categories.accesorios.description', 'Elektrischer 12V-Wagenheber und TPMS-Reifendrucküberwachungssystem. Praktische Lösungen für den anspruchsvollen Reisenden.'),
  (50, 'de', 'products.categories.accesorios.badge', '12V'),
  (51, 'de', 'products.specsTitle', 'Spezifikationen'),
  (52, 'de', 'products.viewMore', 'Mehr sehen'),
  (53, 'de', 'products.buyNow', 'Kaufen'),
  (54, 'de', 'products.newBadge', 'Neu'),
  (55, 'de', 'products.patentedBadge', 'Patentiert'),
  (56, 'de', 'preCooling.sectionLabel', 'Exklusive Technologie'),
  (57, 'de', 'preCooling.title', 'Vorkühlungssystem'),
  (58, 'de', 'preCooling.highlight', 'Patent AR-031005B1'),
  (59, 'de', 'preCooling.description', 'Das exklusive Vorkühlungssystem, patentiert von Neil (Patent: AR-031005B1), erreicht maximale Kühlleistung und hält dabei das Klima im Fahrzeuginneren frisch und angenehm.'),
  (60, 'de', 'preCooling.description2', 'Im Gegensatz zu herkömmlichen Kühlern aktiviert das Vorkühlungssystem eine Vorkühlung des Wassers vor der Verteilung, wodurch signifikant niedrigere Temperaturen bei gleichem Energieverbrauch erreicht werden.'),
  (61, 'de', 'preCooling.features', '[{"title": "Maximale Kühlung", "desc": "Temperatur bis zu 8°C niedriger als herkömmliche Systeme"}, {"title": "100% Lautlos", "desc": "Bürstenlose Pumpen der neuesten Generation, ohne Lärm oder Vibration"}, {"title": "Niedriger Verbrauch", "desc": "Überlegene Energieeffizienz, verlängert die Lebensdauer der Batterie"}, {"title": "Überlaufsicher", "desc": "Versiegeltes System, das Wasserüberläufe bei Kurven und Bremsungen verhindert"}]'),
  (62, 'de', 'preCooling.cta', 'Kühler Ansehen'),
  (63, 'de', 'europe.sectionLabel', 'Internationale Präsenz'),
  (64, 'de', 'europe.title', 'Neil in Europa'),
  (65, 'de', 'europe.description', 'Neil-Kühler werden im gesamten europäischen Kontinent für den anspruchsvollen Wohnmobil-Markt vertrieben. Ihre ausgezeichnete Leistung, ihr niedriger Batteriekonsum und ihre unvergleichliche Ästhetik machen sie zum idealen Begleiter für Wohnmobil-Abenteuer.'),
  (66, 'de', 'europe.description2', 'Wir verfügen über offizielle Händler in Frankreich, Italien, Spanien, Portugal, Deutschland und dem Vereinigten Königreich, die in jedem Land technischen Support und Garantie bieten.'),
  (67, 'de', 'europe.cta', 'Händler Finden'),
  (68, 'de', 'europe.dealersTitle', 'Offizielle Händler'),
  (69, 'de', 'europe.countries', '["Frankreich", "Italien", "Spanien", "Portugal", "Deutschland", "Vereinigtes Königreich"]'),
  (70, 'de', 'contact.sectionLabel', 'Sprechen wir'),
  (71, 'de', 'contact.title', 'Kontaktieren Sie Uns'),
  (72, 'de', 'contact.subtitle', 'Wir stehen für technische Anfragen, Angebote und Support in allen unseren Märkten zur Verfügung.'),
  (73, 'de', 'contact.formTypes', '[{"id": "consulta", "label": "Allgemeine Anfrage"}, {"id": "cotizacion", "label": "Angebot Anfordern"}, {"id": "soporte", "label": "Technischer Support"}, {"id": "revendedor", "label": "Händler werden"}]'),
  (74, 'de', 'contact.fields.name', 'Vollständiger Name'),
  (75, 'de', 'contact.fields.email', 'E-Mail'),
  (76, 'de', 'contact.fields.phone', 'Telefon'),
  (77, 'de', 'contact.fields.country', 'Land'),
  (78, 'de', 'contact.fields.vehicle', 'Fahrzeugtyp'),
  (79, 'de', 'contact.fields.product', 'Interessantes Produkt'),
  (80, 'de', 'contact.fields.message', 'Nachricht'),
  (81, 'de', 'contact.fields.type', 'Art der Anfrage'),
  (82, 'de', 'contact.placeholders.name', 'Ihr Name'),
  (83, 'de', 'contact.placeholders.email', 'sie@email.com'),
  (84, 'de', 'contact.placeholders.phone', '+49 XXX XXXXXXX'),
  (85, 'de', 'contact.placeholders.country', 'Ihr Land'),
  (86, 'de', 'contact.placeholders.vehicle', 'Wohnmobil, LKW, Transporter...'),
  (87, 'de', 'contact.placeholders.product', 'Slim Full, HDK 2800...'),
  (88, 'de', 'contact.placeholders.message', 'Sagen Sie uns, wie wir Ihnen helfen können...'),
  (89, 'de', 'contact.cta', 'Anfrage Senden'),
  (90, 'de', 'contact.sending', 'Wird gesendet...'),
  (91, 'de', 'contact.success', 'Anfrage gesendet! Wir antworten innerhalb von 24 Stunden.'),
  (92, 'de', 'contact.error', 'Fehler beim Senden. Bitte versuchen Sie es erneut.'),
  (93, 'de', 'contact.whatsappSales', 'WhatsApp Vertrieb'),
  (94, 'de', 'contact.whatsappSupport', 'WhatsApp Support'),
  (95, 'de', 'contact.storeLink', 'Im Online-Shop kaufen'),
  (96, 'de', 'contact.addressTitle', 'Hauptsitz'),
  (97, 'de', 'contact.schedule', 'Montag bis Freitag 9:00 - 18:00 Uhr'),
  (98, 'de', 'footer.tagline', 'Technologie, die Sie begleitet'),
  (99, 'de', 'footer.copyright', '© 2025 Neil Climatizadores. Alle Rechte vorbehalten.'),
  (100, 'de', 'footer.linkPrivacy', 'Datenschutzrichtlinie'),
  (101, 'de', 'footer.linkTerms', 'Allgemeine Geschäftsbedingungen'),
  (102, 'de', 'footer.linkDealers', 'Händler'),
  (103, 'de', 'footer.linkSupport', 'Technischer Support'),
  (104, 'de', 'footer.contactTitle', 'Kontakt'),
  (105, 'de', 'footer.followTitle', 'Folgen Sie uns'),
  (106, 'de', 'salesProposal.badge', 'KOMMERZIELLES ANGEBOT'),
  (107, 'de', 'salesProposal.disclaimer', 'Dieser Abschnitt ist temporär und wird für den Endkunden nicht sichtbar sein'),
  (108, 'de', 'salesProposal.headline', 'Neil verdient eine digitale Präsenz, die seiner Innovation gerecht wird'),
  (109, 'de', 'salesProposal.legacyTitle', 'Aktuelle Website'),
  (110, 'de', 'salesProposal.newTitle', 'Neues Angebot'),
  (111, 'de', 'salesProposal.impactTitle', 'Geschäftliche Auswirkungen'),
  (112, 'de', 'salesProposal.automationsTitle', 'Automatisierungen nach Abteilung'),
  (113, 'de', 'salesProposal.consultingCta', 'Weitere Automatisierungsprojekte ansehen'),
  (114, 'de', 'salesProposal.signatureLabel', 'Erstellt von'),
  (115, 'en', 'lang', 'English'),
  (116, 'en', 'langCode', 'en'),
  (117, 'en', 'nav.products', 'Products'),
  (118, 'en', 'nav.about', 'About Us'),
  (119, 'en', 'nav.preCooling', 'Pre-Cooling'),
  (120, 'en', 'nav.europe', 'Europe'),
  (121, 'en', 'nav.contact', 'Contact'),
  (122, 'en', 'nav.store', 'Online Store'),
  (123, 'en', 'nav.cta', 'Get a Quote'),
  (124, 'en', 'hero.headline', 'Innovation and Comfort'),
  (125, 'en', 'hero.highlight', 'for Every Vehicle'),
  (126, 'en', 'hero.subheadline', 'Specialists in evaporative cooling, air conditioning, and heating systems for motorhomes, trucks, and special vehicles. Patented technology for maximum comfort.'),
  (127, 'en', 'hero.cta', 'View Products'),
  (128, 'en', 'hero.ctaSecondary', 'Contact Us'),
  (129, 'en', 'hero.statYears', 'Years of experience'),
  (130, 'en', 'hero.statDealers', 'Official dealers'),
  (131, 'en', 'hero.statCategories', 'Product categories'),
  (132, 'en', 'hero.statLanguages', 'Support languages'),
  (133, 'en', 'about.sectionLabel', 'Our Story'),
  (134, 'en', 'about.title', '30 years leading vehicle climatization'),
  (135, 'en', 'about.description', 'At Neil Climatizadores, we have dedicated over 30 years to designing, manufacturing, and installing evaporative cooling systems for vehicles. We stand out for our innovative «Pre-Cooling System» (Patent AR-031005B1), a unique technological achievement in the Latin American and European markets.'),
  (136, 'en', 'about.description2', 'Since our beginnings, we have maintained a firm focus with clear goals: Quality, Development, Service, and Commitment. We remain firm in our commitment to the environment, developing products that optimize energy efficiency.'),
  (137, 'en', 'about.pillars', '[{"title": "Quality", "desc": "The best materials and advanced technology for maximum quality in every product."}, {"title": "Development", "desc": "Constantly searching for new technologies to daily improve the quality of our equipment."}, {"title": "Service", "desc": "We provide the best customer service with clear answers to every query."}, {"title": "Commitment", "desc": "Continuous improvement and permanent commitment to the customer and environment."}]'),
  (138, 'en', 'about.qualityPolicy', 'Quality Policy'),
  (139, 'en', 'about.qualityDesc', 'Our organization is committed to continuously improving the effectiveness of our system, anticipating potential non-conformities to ensure a higher level of customer satisfaction.'),
  (140, 'en', 'about.mediaTitle', 'Neil in the media'),
  (141, 'en', 'about.mediaSub', 'Recognized by leaders in the transport and motorhome industry'),
  (142, 'en', 'products.sectionLabel', 'Our Products'),
  (143, 'en', 'products.title', 'Solutions for every need'),
  (144, 'en', 'products.subtitle', 'Evaporative coolers, air conditioning, heaters, and energy solutions for motorhomes, trucks, and special vehicles.'),
  (145, 'en', 'products.categories.climatizadores.title', 'Evaporative Coolers'),
  (146, 'en', 'products.categories.climatizadores.subtitle', 'Exclusive Pre-Cooling System'),
  (147, 'en', 'products.categories.climatizadores.description', 'Evaporative coolers with the exclusive Pre-Cooling System (Patent AR-031005B1). Ultra-slim, 100% silent, and low power consumption.'),
  (148, 'en', 'products.categories.climatizadores.badge', 'Exclusive Patent'),
  (149, 'en', 'products.categories.aire-acondicionado.title', 'Air Conditioning'),
  (150, 'en', 'products.categories.aire-acondicionado.subtitle', 'Inverter Technology 12V/24V'),
  (151, 'en', 'products.categories.aire-acondicionado.description', 'Inverter air conditioners running on 12V and 24V for motorhomes and trucks. High efficiency with low battery consumption.'),
  (152, 'en', 'products.categories.aire-acondicionado.badge', 'Inverter'),
  (153, 'en', 'products.categories.calderas.title', 'Diesel Heaters'),
  (154, 'en', 'products.categories.calderas.subtitle', 'Efficient heating 12V/24V'),
  (155, 'en', 'products.categories.calderas.description', 'High-efficiency diesel heaters for vehicles. 100% silent operation without needing the engine on, and maximum winter comfort.'),
  (156, 'en', 'products.categories.calderas.badge', 'Diesel'),
  (157, 'en', 'products.categories.energia.title', 'Energy & Solar'),
  (158, 'en', 'products.categories.energia.subtitle', 'Portable generators'),
  (159, 'en', 'products.categories.energia.description', 'Genki and Bluetti lines of portable solar generators, solar kits, and charging stations. Autonomous energy for your adventures.'),
  (160, 'en', 'products.categories.energia.badge', 'Solar'),
  (161, 'en', 'products.categories.accesorios.title', 'Accessories'),
  (162, 'en', 'products.categories.accesorios.subtitle', 'More for your vehicle'),
  (163, 'en', 'products.categories.accesorios.description', 'Electric 12V Carjack and TPMS tire pressure monitoring system. Practical solutions for the demanding traveller.'),
  (164, 'en', 'products.categories.accesorios.badge', '12V'),
  (165, 'en', 'products.specsTitle', 'Specifications'),
  (166, 'en', 'products.viewMore', 'View more'),
  (167, 'en', 'products.buyNow', 'Buy now'),
  (168, 'en', 'products.newBadge', 'New'),
  (169, 'en', 'products.patentedBadge', 'Patented'),
  (170, 'en', 'preCooling.sectionLabel', 'Exclusive Technology'),
  (171, 'en', 'preCooling.title', 'Pre-Cooling System'),
  (172, 'en', 'preCooling.highlight', 'Patent AR-031005B1'),
  (173, 'en', 'preCooling.description', 'The exclusive Pre-Cooling System, patented by Neil (Patent: AR-031005B1), achieves maximum cooling power while maintaining a fresh and pleasant climate inside the vehicle.'),
  (174, 'en', 'preCooling.description2', 'Unlike conventional coolers, the Pre-Cooling system activates pre-cooling of the water before distribution, achieving significantly lower temperatures with the same energy consumption.'),
  (175, 'en', 'preCooling.features', '[{"title": "Maximum Cooling", "desc": "Temperature up to 8°C lower than conventional systems"}, {"title": "100% Silent", "desc": "State-of-the-art Brushless pumps, no noise or vibration"}, {"title": "Low Power Draw", "desc": "Superior energy efficiency, extends battery life"}, {"title": "Anti-Spill", "desc": "Sealed system that prevents water spills on curves and braking"}]'),
  (176, 'en', 'preCooling.cta', 'View Coolers'),
  (177, 'en', 'europe.sectionLabel', 'International Presence'),
  (178, 'en', 'europe.title', 'Neil in Europe'),
  (179, 'en', 'europe.description', 'Neil coolers are sold throughout Europe for the demanding motorhome market. Their excellent performance, low battery consumption, and unmatched aesthetics make them an ideal companion for motorhome adventures.'),
  (180, 'en', 'europe.description2', 'We have official dealers in France, Italy, Spain, Portugal, Germany, and the United Kingdom, providing technical support and warranty in each country.'),
  (181, 'en', 'europe.cta', 'Find a Dealer'),
  (182, 'en', 'europe.dealersTitle', 'Official Dealers'),
  (183, 'en', 'europe.countries', '["France", "Italy", "Spain", "Portugal", "Germany", "United Kingdom"]'),
  (184, 'en', 'contact.sectionLabel', 'Let''s talk'),
  (185, 'en', 'contact.title', 'Contact Us'),
  (186, 'en', 'contact.subtitle', 'We are available for technical queries, quotes, and support across all our markets.'),
  (187, 'en', 'contact.formTypes', '[{"id": "consulta", "label": "General Inquiry"}, {"id": "cotizacion", "label": "Request a Quote"}, {"id": "soporte", "label": "Technical Support"}, {"id": "revendedor", "label": "Become a Dealer"}]'),
  (188, 'en', 'contact.fields.name', 'Full name'),
  (189, 'en', 'contact.fields.email', 'Email'),
  (190, 'en', 'contact.fields.phone', 'Phone'),
  (191, 'en', 'contact.fields.country', 'Country'),
  (192, 'en', 'contact.fields.vehicle', 'Vehicle type'),
  (193, 'en', 'contact.fields.product', 'Product of interest'),
  (194, 'en', 'contact.fields.message', 'Message'),
  (195, 'en', 'contact.fields.type', 'Inquiry type'),
  (196, 'en', 'contact.placeholders.name', 'Your name'),
  (197, 'en', 'contact.placeholders.email', 'you@email.com'),
  (198, 'en', 'contact.placeholders.phone', '+1 XXX XXX XXXX'),
  (199, 'en', 'contact.placeholders.country', 'Your country'),
  (200, 'en', 'contact.placeholders.vehicle', 'Motorhome, Truck, Van...'),
  (201, 'en', 'contact.placeholders.product', 'Slim Full, HDK 2800...'),
  (202, 'en', 'contact.placeholders.message', 'Tell us how we can help you...'),
  (203, 'en', 'contact.cta', 'Send Inquiry'),
  (204, 'en', 'contact.sending', 'Sending...'),
  (205, 'en', 'contact.success', 'Inquiry sent! We will reply within 24 hours.'),
  (206, 'en', 'contact.error', 'Error sending. Please try again.'),
  (207, 'en', 'contact.whatsappSales', 'WhatsApp Sales'),
  (208, 'en', 'contact.whatsappSupport', 'WhatsApp Support'),
  (209, 'en', 'contact.storeLink', 'Buy in Online Store'),
  (210, 'en', 'contact.addressTitle', 'Headquarters'),
  (211, 'en', 'contact.schedule', 'Monday to Friday 9:00 - 18:00 hs'),
  (212, 'en', 'footer.tagline', 'Technology that travels with you'),
  (213, 'en', 'footer.copyright', '© 2025 Neil Climatizadores. All rights reserved.'),
  (214, 'en', 'footer.linkPrivacy', 'Privacy Policy'),
  (215, 'en', 'footer.linkTerms', 'Terms & Conditions'),
  (216, 'en', 'footer.linkDealers', 'Dealers'),
  (217, 'en', 'footer.linkSupport', 'Technical Support'),
  (218, 'en', 'footer.contactTitle', 'Contact'),
  (219, 'en', 'footer.followTitle', 'Follow Us'),
  (220, 'en', 'salesProposal.badge', 'COMMERCIAL PROPOSAL'),
  (221, 'en', 'salesProposal.disclaimer', 'This section is temporary and will not be visible to the final client'),
  (222, 'en', 'salesProposal.headline', 'Neil deserves a digital presence as innovative as its products'),
  (223, 'en', 'salesProposal.legacyTitle', 'Current site'),
  (224, 'en', 'salesProposal.newTitle', 'New proposal'),
  (225, 'en', 'salesProposal.impactTitle', 'Business impact'),
  (226, 'en', 'salesProposal.automationsTitle', 'Automations by department'),
  (227, 'en', 'salesProposal.consultingCta', 'View more automation projects'),
  (228, 'en', 'salesProposal.signatureLabel', 'Prepared by'),
  (229, 'es', 'lang', 'Español'),
  (230, 'es', 'langCode', 'es'),
  (231, 'es', 'nav.products', 'Productos'),
  (232, 'es', 'nav.about', 'Nosotros'),
  (233, 'es', 'nav.preCooling', 'Pre-Enfriado'),
  (234, 'es', 'nav.europe', 'Europa'),
  (235, 'es', 'nav.contact', 'Contacto'),
  (236, 'es', 'nav.store', 'Tienda Online'),
  (237, 'es', 'nav.cta', 'Cotizar'),
  (238, 'es', 'hero.headline', 'Innovación y Confort'),
  (239, 'es', 'hero.highlight', 'para Cada Vehículo'),
  (240, 'es', 'hero.subheadline', 'Especialistas en climatización evaporativa, aires acondicionados y calderas para motorhomes, camiones y vehículos especiales. Tecnología patentada para el máximo confort.'),
  (241, 'es', 'hero.cta', 'Ver Productos'),
  (242, 'es', 'hero.ctaSecondary', 'Contactanos'),
  (243, 'es', 'hero.statYears', 'Años de experiencia'),
  (244, 'es', 'hero.statDealers', 'Representantes'),
  (245, 'es', 'hero.statCategories', 'Categorías de productos'),
  (246, 'es', 'hero.statLanguages', 'Idiomas de atención'),
  (247, 'es', 'about.sectionLabel', 'Nuestra Historia'),
  (248, 'es', 'about.title', '30 años liderando la climatización vehicular'),
  (249, 'es', 'about.description', 'En Neil Climatizadores nos dedicamos hace más de 30 años al diseño, fabricación e instalación de climatizadores evaporativos para vehículos. Nos destacamos por nuestro innovador «Sistema de Pre-Enfriado» (Patente AR-031005B1), logro tecnológico único en el mercado latinoamericano y europeo.'),
  (250, 'es', 'about.description2', 'Desde nuestros inicios hemos mantenido un enfoque firme con objetivos claros: Calidad, Desarrollo, Servicio y Compromiso. Nos mantenemos firmes en nuestro compromiso con el medio ambiente, elaborando productos que optimizan la eficiencia energética.'),
  (251, 'es', 'about.pillars', '[{"title": "Calidad", "desc": "Los mejores materiales y tecnología avanzada para la máxima calidad en cada producto."}, {"title": "Desarrollo", "desc": "Constantemente en búsqueda de nuevas tecnologías para mejorar día a día la calidad de nuestros equipos."}, {"title": "Servicio", "desc": "Brindamos la mejor atención a nuestros clientes con respuestas claras a cada consulta."}, {"title": "Compromiso", "desc": "Mejora continua y compromiso permanente con el cliente y el medio ambiente."}]'),
  (252, 'es', 'about.qualityPolicy', 'Política de Calidad'),
  (253, 'es', 'about.qualityDesc', 'Nuestra organización está comprometida con la mejora continua de la eficacia de nuestro sistema, anticipándonos a posibles no conformidades para garantizar un mayor nivel de satisfacción.'),
  (254, 'es', 'about.mediaTitle', 'Neil en los medios'),
  (255, 'es', 'about.mediaSub', 'Reconocidos por líderes de la industria del transporte y motorhome'),
  (256, 'es', 'products.sectionLabel', 'Nuestros Productos'),
  (257, 'es', 'products.title', 'Soluciones para cada necesidad'),
  (258, 'es', 'products.subtitle', 'Climatizadores, aires acondicionados, calderas y energía para motorhomes, camiones y vehículos especiales.'),
  (259, 'es', 'products.categories.climatizadores.title', 'Climatizadores Evaporativos'),
  (260, 'es', 'products.categories.climatizadores.subtitle', 'Únicos con Pre-Enfriado'),
  (261, 'es', 'products.categories.climatizadores.description', 'Climatizadores evaporativos con el exclusivo Sistema de Pre-Enfriado (Patente AR-031005B1). Ultra chatos, 100% silenciosos y de bajo consumo.'),
  (262, 'es', 'products.categories.climatizadores.badge', 'Patente Exclusiva'),
  (263, 'es', 'products.categories.aire-acondicionado.title', 'Aire Acondicionado'),
  (264, 'es', 'products.categories.aire-acondicionado.subtitle', 'Tecnología Inverter 12V/24V'),
  (265, 'es', 'products.categories.aire-acondicionado.description', 'Aires acondicionados con tecnología Inverter de 12V y 24V para motorhomes y camiones. Alta eficiencia y bajo consumo de batería.'),
  (266, 'es', 'products.categories.aire-acondicionado.badge', 'Inverter'),
  (267, 'es', 'products.categories.calderas.title', 'Calderas'),
  (268, 'es', 'products.categories.calderas.subtitle', 'Calefacción eficiente 12V/24V'),
  (269, 'es', 'products.categories.calderas.description', 'Calderas diesel de alta eficiencia para vehículos. Funcionamiento 100% silencioso, sin necesidad de motor encendido y máximo confort en invierno.'),
  (270, 'es', 'products.categories.calderas.badge', 'Diesel'),
  (271, 'es', 'products.categories.energia.title', 'Energía & Solar'),
  (272, 'es', 'products.categories.energia.subtitle', 'Generadores portátiles'),
  (273, 'es', 'products.categories.energia.description', 'Líneas Genki y Bluetti de generadores solares portátiles, kits solares y estaciones de carga. Energía autónoma para tus aventuras.'),
  (274, 'es', 'products.categories.energia.badge', 'Solar'),
  (275, 'es', 'products.categories.accesorios.title', 'Accesorios'),
  (276, 'es', 'products.categories.accesorios.subtitle', 'Más para tu vehículo'),
  (277, 'es', 'products.categories.accesorios.description', 'Carjack eléctrico 12V y sistema TPMS de monitoreo de presión de neumáticos. Soluciones prácticas para el viajero exigente.'),
  (278, 'es', 'products.categories.accesorios.badge', '12V'),
  (279, 'es', 'products.specsTitle', 'Especificaciones'),
  (280, 'es', 'products.viewMore', 'Ver más'),
  (281, 'es', 'products.buyNow', 'Comprar'),
  (282, 'es', 'products.newBadge', 'Nuevo'),
  (283, 'es', 'products.patentedBadge', 'Patentado'),
  (284, 'es', 'preCooling.sectionLabel', 'Tecnología Exclusiva'),
  (285, 'es', 'preCooling.title', 'Sistema de Pre-Enfriado'),
  (286, 'es', 'preCooling.highlight', 'Patente AR-031005B1'),
  (287, 'es', 'preCooling.description', 'El exclusivo Sistema de Pre-Enfriado, patentado por Neil (Patente: AR-031005B1), logra un máximo poder de enfriamiento manteniendo un clima fresco y agradable en el interior del vehículo.'),
  (288, 'es', 'preCooling.description2', 'A diferencia de los climatizadores convencionales, el sistema de Pre-Enfriado activa un enfriamiento previo del agua antes de su distribución, logrando temperaturas significativamente más bajas con el mismo consumo energético.'),
  (289, 'es', 'preCooling.features', '[{"title": "Máximo Enfriamiento", "desc": "Temperatura hasta 8°C más baja que los sistemas convencionales"}, {"title": "100% Silencioso", "desc": "Bombas Brushless de última generación, sin ruido ni vibración"}, {"title": "Bajo Consumo", "desc": "Eficiencia energética superior, prolonga la vida de la batería"}, {"title": "Anti-derrames", "desc": "Sistema sellado que evita derrames de agua en curvas y frenadas"}]'),
  (290, 'es', 'preCooling.cta', 'Ver Climatizadores'),
  (291, 'es', 'europe.sectionLabel', 'Presencia Internacional'),
  (292, 'es', 'europe.title', 'Neil en Europa'),
  (293, 'es', 'europe.description', 'Los climatizadores Neil son comercializados en todo el continente europeo para el exigente mercado del Motorhome. Su excelente rendimiento, bajo consumo de batería e inigualable estética lo hacen un complemento ideal para la aventura en autocaravana.'),
  (294, 'es', 'europe.description2', 'Contamos con representantes oficiales en Francia, Italia, España, Portugal, Alemania y Reino Unido, brindando soporte técnico y garantía en cada país.'),
  (295, 'es', 'europe.cta', 'Ver Representantes'),
  (296, 'es', 'europe.dealersTitle', 'Representantes Oficiales'),
  (297, 'es', 'europe.countries', '["Francia", "Italia", "España", "Portugal", "Alemania", "Reino Unido"]'),
  (298, 'es', 'contact.sectionLabel', 'Hablemos'),
  (299, 'es', 'contact.title', 'Contactanos'),
  (300, 'es', 'contact.subtitle', 'Estamos disponibles para consultas técnicas, cotizaciones y soporte en todos nuestros mercados.'),
  (301, 'es', 'contact.formTypes', '[{"id": "consulta", "label": "Consulta General"}, {"id": "cotizacion", "label": "Solicitar Cotización"}, {"id": "soporte", "label": "Soporte Técnico"}, {"id": "revendedor", "label": "Quiero ser Revendedor"}]'),
  (302, 'es', 'contact.fields.name', 'Nombre completo'),
  (303, 'es', 'contact.fields.email', 'Email'),
  (304, 'es', 'contact.fields.phone', 'Teléfono'),
  (305, 'es', 'contact.fields.country', 'País'),
  (306, 'es', 'contact.fields.vehicle', 'Tipo de vehículo'),
  (307, 'es', 'contact.fields.product', 'Producto de interés'),
  (308, 'es', 'contact.fields.message', 'Mensaje'),
  (309, 'es', 'contact.fields.type', 'Tipo de consulta'),
  (310, 'es', 'contact.placeholders.name', 'Tu nombre'),
  (311, 'es', 'contact.placeholders.email', 'tu@email.com'),
  (312, 'es', 'contact.placeholders.phone', '+54 9 11 XXXX XXXX'),
  (313, 'es', 'contact.placeholders.country', 'Argentina'),
  (314, 'es', 'contact.placeholders.vehicle', 'Motorhome, Camión, Camioneta...'),
  (315, 'es', 'contact.placeholders.product', 'Slim Full, HDK 2800...'),
  (316, 'es', 'contact.placeholders.message', 'Contanos en qué podemos ayudarte...'),
  (317, 'es', 'contact.cta', 'Enviar Consulta'),
  (318, 'es', 'contact.sending', 'Enviando...'),
  (319, 'es', 'contact.success', '¡Consulta enviada! Te responderemos en menos de 24hs.'),
  (320, 'es', 'contact.error', 'Error al enviar. Por favor intentá de nuevo.'),
  (321, 'es', 'contact.whatsappSales', 'WhatsApp Ventas'),
  (322, 'es', 'contact.whatsappSupport', 'WhatsApp Soporte'),
  (323, 'es', 'contact.storeLink', 'Comprar en Tienda Online'),
  (324, 'es', 'contact.addressTitle', 'Casa Central'),
  (325, 'es', 'contact.schedule', 'Lunes a Viernes 9:00 - 18:00 hs'),
  (326, 'es', 'footer.tagline', 'Tecnología que te acompaña'),
  (327, 'es', 'footer.copyright', '© 2025 Neil Climatizadores. Todos los derechos reservados.'),
  (328, 'es', 'footer.linkPrivacy', 'Política de Privacidad'),
  (329, 'es', 'footer.linkTerms', 'Términos y Condiciones'),
  (330, 'es', 'footer.linkDealers', 'Revendedores'),
  (331, 'es', 'footer.linkSupport', 'Soporte Técnico'),
  (332, 'es', 'footer.contactTitle', 'Contacto'),
  (333, 'es', 'footer.followTitle', 'Seguinos'),
  (334, 'es', 'salesProposal.badge', 'PROPUESTA COMERCIAL'),
  (335, 'es', 'salesProposal.disclaimer', 'Esta sección es temporal y no será visible al cliente final'),
  (336, 'es', 'salesProposal.headline', 'Neil merece una presencia digital a la altura de su innovación'),
  (337, 'es', 'salesProposal.legacyTitle', 'Sitio actual'),
  (338, 'es', 'salesProposal.newTitle', 'Nueva propuesta'),
  (339, 'es', 'salesProposal.impactTitle', 'Impacto en el negocio'),
  (340, 'es', 'salesProposal.automationsTitle', 'Automatizaciones por área'),
  (341, 'es', 'salesProposal.consultingCta', 'Ver más proyectos de automatización'),
  (342, 'es', 'salesProposal.signatureLabel', 'Preparado por'),
  (343, 'fr', 'lang', 'Français'),
  (344, 'fr', 'langCode', 'fr'),
  (345, 'fr', 'nav.products', 'Produits'),
  (346, 'fr', 'nav.about', 'À Propos'),
  (347, 'fr', 'nav.preCooling', 'Pré-Refroidissement'),
  (348, 'fr', 'nav.europe', 'Europe'),
  (349, 'fr', 'nav.contact', 'Contact'),
  (350, 'fr', 'nav.store', 'Boutique en Ligne'),
  (351, 'fr', 'nav.cta', 'Demander un Devis'),
  (352, 'fr', 'hero.headline', 'Innovation et Confort'),
  (353, 'fr', 'hero.highlight', 'pour Chaque Véhicule'),
  (354, 'fr', 'hero.subheadline', 'Spécialistes en refroidissement évaporatif, climatisation et chauffage pour camping-cars, camions et véhicules spéciaux. Technologie brevetée pour un confort maximal.'),
  (355, 'fr', 'hero.cta', 'Voir les Produits'),
  (356, 'fr', 'hero.ctaSecondary', 'Nous Contacter'),
  (357, 'fr', 'hero.statYears', 'Ans d''expérience'),
  (358, 'fr', 'hero.statDealers', 'Revendeurs officiels'),
  (359, 'fr', 'hero.statCategories', 'Catégories de produits'),
  (360, 'fr', 'hero.statLanguages', 'Langues de support'),
  (361, 'fr', 'about.sectionLabel', 'Notre Histoire'),
  (362, 'fr', 'about.title', '30 ans à la tête de la climatisation véhicule'),
  (363, 'fr', 'about.description', 'Chez Neil Climatizadores, nous nous consacrons depuis plus de 30 ans à la conception, fabrication et installation de refroidisseurs évaporatifs pour véhicules. Nous nous distinguons par notre innovant «Système de Pré-Refroidissement» (Brevet AR-031005B1), une réalisation technologique unique sur les marchés latino-américain et européen.'),
  (364, 'fr', 'about.description2', 'Depuis nos débuts, nous avons maintenu un objectif clair: Qualité, Développement, Service et Engagement. Nous restons fermes dans notre engagement environnemental, en développant des produits qui optimisent l''efficacité énergétique.'),
  (365, 'fr', 'about.pillars', '[{"title": "Qualité", "desc": "Les meilleurs matériaux et une technologie avancée pour une qualité maximale dans chaque produit."}, {"title": "Développement", "desc": "Constamment à la recherche de nouvelles technologies pour améliorer chaque jour la qualité de nos équipements."}, {"title": "Service", "desc": "Nous offrons le meilleur service à nos clients avec des réponses claires à chaque demande."}, {"title": "Engagement", "desc": "Amélioration continue et engagement permanent envers le client et l''environnement."}]'),
  (366, 'fr', 'about.qualityPolicy', 'Politique Qualité'),
  (367, 'fr', 'about.qualityDesc', 'Notre organisation est engagée dans l''amélioration continue de l''efficacité de notre système, anticipant les non-conformités potentielles pour garantir un niveau de satisfaction client plus élevé.'),
  (368, 'fr', 'about.mediaTitle', 'Neil dans les médias'),
  (369, 'fr', 'about.mediaSub', 'Reconnu par les leaders du secteur des transports et du camping-car'),
  (370, 'fr', 'products.sectionLabel', 'Nos Produits'),
  (371, 'fr', 'products.title', 'Solutions pour chaque besoin'),
  (372, 'fr', 'products.subtitle', 'Refroidisseurs évaporatifs, climatisation, chauffage et énergie pour camping-cars, camions et véhicules spéciaux.'),
  (373, 'fr', 'products.categories.climatizadores.title', 'Refroidisseurs Évaporatifs'),
  (374, 'fr', 'products.categories.climatizadores.subtitle', 'Système de Pré-Refroidissement Exclusif'),
  (375, 'fr', 'products.categories.climatizadores.description', 'Refroidisseurs évaporatifs avec l''exclusif Système de Pré-Refroidissement (Brevet AR-031005B1). Ultra-plats, 100% silencieux et faible consommation.'),
  (376, 'fr', 'products.categories.climatizadores.badge', 'Brevet Exclusif'),
  (377, 'fr', 'products.categories.aire-acondicionado.title', 'Climatisation'),
  (378, 'fr', 'products.categories.aire-acondicionado.subtitle', 'Technologie Inverter 12V/24V'),
  (379, 'fr', 'products.categories.aire-acondicionado.description', 'Climatiseurs avec technologie Inverter 12V et 24V pour camping-cars et camions. Haute efficacité avec faible consommation de batterie.'),
  (380, 'fr', 'products.categories.aire-acondicionado.badge', 'Inverter'),
  (381, 'fr', 'products.categories.calderas.title', 'Chauffages Diesel'),
  (382, 'fr', 'products.categories.calderas.subtitle', 'Chauffage efficace 12V/24V'),
  (383, 'fr', 'products.categories.calderas.description', 'Chauffages diesel haute efficacité pour véhicules. Fonctionnement 100% silencieux sans moteur allumé et confort hivernal maximal.'),
  (384, 'fr', 'products.categories.calderas.badge', 'Diesel'),
  (385, 'fr', 'products.categories.energia.title', 'Énergie & Solaire'),
  (386, 'fr', 'products.categories.energia.subtitle', 'Générateurs portables'),
  (387, 'fr', 'products.categories.energia.description', 'Gammes Genki et Bluetti de générateurs solaires portables, kits solaires et stations de charge. Énergie autonome pour vos aventures.'),
  (388, 'fr', 'products.categories.energia.badge', 'Solaire'),
  (389, 'fr', 'products.categories.accesorios.title', 'Accessoires'),
  (390, 'fr', 'products.categories.accesorios.subtitle', 'Plus pour votre véhicule'),
  (391, 'fr', 'products.categories.accesorios.description', 'Cric électrique 12V et système TPMS de surveillance de la pression des pneus. Solutions pratiques pour le voyageur exigeant.'),
  (392, 'fr', 'products.categories.accesorios.badge', '12V'),
  (393, 'fr', 'products.specsTitle', 'Spécifications'),
  (394, 'fr', 'products.viewMore', 'Voir plus'),
  (395, 'fr', 'products.buyNow', 'Acheter'),
  (396, 'fr', 'products.newBadge', 'Nouveau'),
  (397, 'fr', 'products.patentedBadge', 'Breveté'),
  (398, 'fr', 'preCooling.sectionLabel', 'Technologie Exclusive'),
  (399, 'fr', 'preCooling.title', 'Système de Pré-Refroidissement'),
  (400, 'fr', 'preCooling.highlight', 'Brevet AR-031005B1'),
  (401, 'fr', 'preCooling.description', 'L''exclusif Système de Pré-Refroidissement, breveté par Neil (Brevet: AR-031005B1), atteint une puissance de refroidissement maximale tout en maintenant un climat frais et agréable à l''intérieur du véhicule.'),
  (402, 'fr', 'preCooling.description2', 'Contrairement aux refroidisseurs conventionnels, le système de Pré-Refroidissement active un pré-refroidissement de l''eau avant sa distribution, obtenant des températures significativement plus basses avec la même consommation d''énergie.'),
  (403, 'fr', 'preCooling.features', '[{"title": "Refroidissement Maximum", "desc": "Température jusqu''à 8°C inférieure aux systèmes conventionnels"}, {"title": "100% Silencieux", "desc": "Pompes Brushless de dernière génération, sans bruit ni vibration"}, {"title": "Faible Consommation", "desc": "Efficacité énergétique supérieure, prolonge la durée de vie de la batterie"}, {"title": "Anti-Débordement", "desc": "Système étanche qui évite les débordements d''eau dans les virages et au freinage"}]'),
  (404, 'fr', 'preCooling.cta', 'Voir les Refroidisseurs'),
  (405, 'fr', 'europe.sectionLabel', 'Présence Internationale'),
  (406, 'fr', 'europe.title', 'Neil en Europe'),
  (407, 'fr', 'europe.description', 'Les refroidisseurs Neil sont commercialisés dans toute l''Europe pour le marché exigeant des camping-cars. Leurs excellentes performances, leur faible consommation de batterie et leur esthétique incomparable en font un complément idéal pour l''aventure en camping-car.'),
  (408, 'fr', 'europe.description2', 'Nous disposons de revendeurs officiels en France, Italie, Espagne, Portugal, Allemagne et Royaume-Uni, offrant support technique et garantie dans chaque pays.'),
  (409, 'fr', 'europe.cta', 'Trouver un Revendeur'),
  (410, 'fr', 'europe.dealersTitle', 'Revendeurs Officiels'),
  (411, 'fr', 'europe.countries', '["France", "Italie", "Espagne", "Portugal", "Allemagne", "Royaume-Uni"]'),
  (412, 'fr', 'contact.sectionLabel', 'Parlons-en'),
  (413, 'fr', 'contact.title', 'Contactez-Nous'),
  (414, 'fr', 'contact.subtitle', 'Nous sommes disponibles pour les demandes techniques, devis et support dans tous nos marchés.'),
  (415, 'fr', 'contact.formTypes', '[{"id": "consulta", "label": "Demande Générale"}, {"id": "cotizacion", "label": "Demander un Devis"}, {"id": "soporte", "label": "Support Technique"}, {"id": "revendedor", "label": "Devenir Revendeur"}]'),
  (416, 'fr', 'contact.fields.name', 'Nom complet'),
  (417, 'fr', 'contact.fields.email', 'Email'),
  (418, 'fr', 'contact.fields.phone', 'Téléphone'),
  (419, 'fr', 'contact.fields.country', 'Pays'),
  (420, 'fr', 'contact.fields.vehicle', 'Type de véhicule'),
  (421, 'fr', 'contact.fields.product', 'Produit d''intérêt'),
  (422, 'fr', 'contact.fields.message', 'Message'),
  (423, 'fr', 'contact.fields.type', 'Type de demande'),
  (424, 'fr', 'contact.placeholders.name', 'Votre nom'),
  (425, 'fr', 'contact.placeholders.email', 'vous@email.com'),
  (426, 'fr', 'contact.placeholders.phone', '+33 X XX XX XX XX'),
  (427, 'fr', 'contact.placeholders.country', 'Votre pays'),
  (428, 'fr', 'contact.placeholders.vehicle', 'Camping-car, Camion, Fourgon...'),
  (429, 'fr', 'contact.placeholders.product', 'Slim Full, HDK 2800...'),
  (430, 'fr', 'contact.placeholders.message', 'Dites-nous comment nous pouvons vous aider...'),
  (431, 'fr', 'contact.cta', 'Envoyer la Demande'),
  (432, 'fr', 'contact.sending', 'Envoi en cours...'),
  (433, 'fr', 'contact.success', 'Demande envoyée! Nous répondrons dans les 24 heures.'),
  (434, 'fr', 'contact.error', 'Erreur d''envoi. Veuillez réessayer.'),
  (435, 'fr', 'contact.whatsappSales', 'WhatsApp Ventes'),
  (436, 'fr', 'contact.whatsappSupport', 'WhatsApp Support'),
  (437, 'fr', 'contact.storeLink', 'Acheter en Boutique en Ligne'),
  (438, 'fr', 'contact.addressTitle', 'Siège Principal'),
  (439, 'fr', 'contact.schedule', 'Lundi à Vendredi 9:00 - 18:00 hs'),
  (440, 'fr', 'footer.tagline', 'La technologie qui vous accompagne'),
  (441, 'fr', 'footer.copyright', '© 2025 Neil Climatizadores. Tous droits réservés.'),
  (442, 'fr', 'footer.linkPrivacy', 'Politique de Confidentialité'),
  (443, 'fr', 'footer.linkTerms', 'Conditions Générales'),
  (444, 'fr', 'footer.linkDealers', 'Revendeurs'),
  (445, 'fr', 'footer.linkSupport', 'Support Technique'),
  (446, 'fr', 'footer.contactTitle', 'Contact'),
  (447, 'fr', 'footer.followTitle', 'Suivez-nous'),
  (448, 'fr', 'salesProposal.badge', 'PROPOSITION COMMERCIALE'),
  (449, 'fr', 'salesProposal.disclaimer', 'Cette section est temporaire et ne sera pas visible pour le client final'),
  (450, 'fr', 'salesProposal.headline', 'Neil mérite une présence digitale à la hauteur de son innovation'),
  (451, 'fr', 'salesProposal.legacyTitle', 'Site actuel'),
  (452, 'fr', 'salesProposal.newTitle', 'Nouvelle proposition'),
  (453, 'fr', 'salesProposal.impactTitle', 'Impact sur l''activité'),
  (454, 'fr', 'salesProposal.automationsTitle', 'Automatisations par département'),
  (455, 'fr', 'salesProposal.consultingCta', 'Voir plus de projets d''automatisation'),
  (456, 'fr', 'salesProposal.signatureLabel', 'Préparé par'),
  (457, 'it', 'lang', 'Italiano'),
  (458, 'it', 'langCode', 'it'),
  (459, 'it', 'nav.products', 'Prodotti'),
  (460, 'it', 'nav.about', 'Chi Siamo'),
  (461, 'it', 'nav.preCooling', 'Pre-Raffreddamento'),
  (462, 'it', 'nav.europe', 'Europa'),
  (463, 'it', 'nav.contact', 'Contatti'),
  (464, 'it', 'nav.store', 'Negozio Online'),
  (465, 'it', 'nav.cta', 'Richiedi Preventivo'),
  (466, 'it', 'hero.headline', 'Innovazione e Comfort'),
  (467, 'it', 'hero.highlight', 'per Ogni Veicolo'),
  (468, 'it', 'hero.subheadline', 'Specialisti in raffrescamento evaporativo, aria condizionata e riscaldamento per camper, autocarri e veicoli speciali. Tecnologia brevettata per il massimo comfort.'),
  (469, 'it', 'hero.cta', 'Vedi Prodotti'),
  (470, 'it', 'hero.ctaSecondary', 'Contattaci'),
  (471, 'it', 'hero.statYears', 'Anni di esperienza'),
  (472, 'it', 'hero.statDealers', 'Rivenditori ufficiali'),
  (473, 'it', 'hero.statCategories', 'Categorie di prodotti'),
  (474, 'it', 'hero.statLanguages', 'Lingue di supporto'),
  (475, 'it', 'about.sectionLabel', 'La Nostra Storia'),
  (476, 'it', 'about.title', '30 anni alla guida della climatizzazione veicolare'),
  (477, 'it', 'about.description', 'Da Neil Climatizadores ci dedichiamo da oltre 30 anni alla progettazione, produzione e installazione di raffrescatori evaporativi per veicoli. Ci distinguiamo per l''innovativo «Sistema di Pre-Raffreddamento» (Brevetto AR-031005B1), un risultato tecnologico unico nel mercato latinoamericano ed europeo.'),
  (478, 'it', 'about.description2', 'Sin dagli inizi abbiamo mantenuto un focus solido con obiettivi chiari: Qualità, Sviluppo, Servizio e Impegno. Rimaniamo fermi nel nostro impegno ambientale, sviluppando prodotti che ottimizzano l''efficienza energetica.'),
  (479, 'it', 'about.pillars', '[{"title": "Qualità", "desc": "I migliori materiali e tecnologia avanzata per la massima qualità in ogni prodotto."}, {"title": "Sviluppo", "desc": "Costantemente alla ricerca di nuove tecnologie per migliorare giorno dopo giorno la qualità dei nostri apparecchi."}, {"title": "Servizio", "desc": "Offriamo il miglior servizio ai nostri clienti con risposte chiare ad ogni richiesta."}, {"title": "Impegno", "desc": "Miglioramento continuo e impegno permanente verso il cliente e l''ambiente."}]'),
  (480, 'it', 'about.qualityPolicy', 'Politica della Qualità'),
  (481, 'it', 'about.qualityDesc', 'La nostra organizzazione è impegnata nel miglioramento continuo dell''efficacia del nostro sistema, anticipando possibili non conformità per garantire un maggiore livello di soddisfazione del cliente.'),
  (482, 'it', 'about.mediaTitle', 'Neil sui media'),
  (483, 'it', 'about.mediaSub', 'Riconosciuto dai leader del settore dei trasporti e del camper'),
  (484, 'it', 'products.sectionLabel', 'I Nostri Prodotti'),
  (485, 'it', 'products.title', 'Soluzioni per ogni esigenza'),
  (486, 'it', 'products.subtitle', 'Raffrescatori evaporativi, aria condizionata, caldaie e sistemi energetici per camper, autocarri e veicoli speciali.'),
  (487, 'it', 'products.categories.climatizadores.title', 'Raffrescatori Evaporativi'),
  (488, 'it', 'products.categories.climatizadores.subtitle', 'Esclusivo Sistema di Pre-Raffreddamento'),
  (489, 'it', 'products.categories.climatizadores.description', 'Raffrescatori evaporativi con il esclusivo Sistema di Pre-Raffreddamento (Brevetto AR-031005B1). Ultra-piatti, 100% silenziosi e a basso consumo.'),
  (490, 'it', 'products.categories.climatizadores.badge', 'Brevetto Esclusivo'),
  (491, 'it', 'products.categories.aire-acondicionado.title', 'Aria Condizionata'),
  (492, 'it', 'products.categories.aire-acondicionado.subtitle', 'Tecnologia Inverter 12V/24V'),
  (493, 'it', 'products.categories.aire-acondicionado.description', 'Aria condizionata con tecnologia Inverter a 12V e 24V per camper e autocarri. Alta efficienza con basso consumo della batteria.'),
  (494, 'it', 'products.categories.aire-acondicionado.badge', 'Inverter'),
  (495, 'it', 'products.categories.calderas.title', 'Riscaldatori Diesel'),
  (496, 'it', 'products.categories.calderas.subtitle', 'Riscaldamento efficiente 12V/24V'),
  (497, 'it', 'products.categories.calderas.description', 'Riscaldatori diesel ad alta efficienza per veicoli. Funzionamento 100% silenzioso senza bisogno di tenere il motore acceso e massimo comfort invernale.'),
  (498, 'it', 'products.categories.calderas.badge', 'Diesel'),
  (499, 'it', 'products.categories.energia.title', 'Energia & Solare'),
  (500, 'it', 'products.categories.energia.subtitle', 'Generatori portatili'),
  (501, 'it', 'products.categories.energia.description', 'Linee Genki e Bluetti di generatori solari portatili, kit solari e stazioni di ricarica. Energia autonoma per le tue avventure.'),
  (502, 'it', 'products.categories.energia.badge', 'Solare'),
  (503, 'it', 'products.categories.accesorios.title', 'Accessori'),
  (504, 'it', 'products.categories.accesorios.subtitle', 'Di più per il tuo veicolo'),
  (505, 'it', 'products.categories.accesorios.description', 'Carjack elettrico 12V e sistema TPMS di monitoraggio della pressione degli pneumatici. Soluzioni pratiche per il viaggiatore esigente.'),
  (506, 'it', 'products.categories.accesorios.badge', '12V'),
  (507, 'it', 'products.specsTitle', 'Specifiche'),
  (508, 'it', 'products.viewMore', 'Vedi di più'),
  (509, 'it', 'products.buyNow', 'Acquista'),
  (510, 'it', 'products.newBadge', 'Nuovo'),
  (511, 'it', 'products.patentedBadge', 'Brevettato'),
  (512, 'it', 'preCooling.sectionLabel', 'Tecnologia Esclusiva'),
  (513, 'it', 'preCooling.title', 'Sistema di Pre-Raffreddamento'),
  (514, 'it', 'preCooling.highlight', 'Brevetto AR-031005B1'),
  (515, 'it', 'preCooling.description', 'L''esclusivo Sistema di Pre-Raffreddamento, brevettato da Neil (Brevetto: AR-031005B1), raggiunge la massima potenza di raffrescamento mantenendo un clima fresco e piacevole all''interno del veicolo.'),
  (516, 'it', 'preCooling.description2', 'A differenza dei raffrescatori convenzionali, il sistema di Pre-Raffreddamento attiva un pre-raffreddamento dell''acqua prima della distribuzione, ottenendo temperature significativamente più basse con lo stesso consumo energetico.'),
  (517, 'it', 'preCooling.features', '[{"title": "Massimo Raffrescamento", "desc": "Temperatura fino a 8°C inferiore rispetto ai sistemi convenzionali"}, {"title": "100% Silenzioso", "desc": "Pompe Brushless di ultima generazione, senza rumore né vibrazione"}, {"title": "Basso Consumo", "desc": "Efficienza energetica superiore, prolunga la vita della batteria"}, {"title": "Anti-Versamento", "desc": "Sistema sigillato che evita versamenti d''acqua in curva e in frenata"}]'),
  (518, 'it', 'preCooling.cta', 'Vedi Raffrescatori'),
  (519, 'it', 'europe.sectionLabel', 'Presenza Internazionale'),
  (520, 'it', 'europe.title', 'Neil in Europa'),
  (521, 'it', 'europe.description', 'I raffrescatori Neil sono commercializzati in tutto il continente europeo per l''esigente mercato dei camper. Le loro eccellenti prestazioni, il basso consumo della batteria e l''estetica ineguagliabile li rendono un complemento ideale per l''avventura in autocaravan.'),
  (522, 'it', 'europe.description2', 'Disponiamo di rivenditori ufficiali in Francia, Italia, Spagna, Portogallo, Germania e Regno Unito, fornendo supporto tecnico e garanzia in ogni paese.'),
  (523, 'it', 'europe.cta', 'Trova un Rivenditore'),
  (524, 'it', 'europe.dealersTitle', 'Rivenditori Ufficiali'),
  (525, 'it', 'europe.countries', '["Francia", "Italia", "Spagna", "Portogallo", "Germania", "Regno Unito"]'),
  (526, 'it', 'contact.sectionLabel', 'Parliamo'),
  (527, 'it', 'contact.title', 'Contattaci'),
  (528, 'it', 'contact.subtitle', 'Siamo disponibili per richieste tecniche, preventivi e supporto in tutti i nostri mercati.'),
  (529, 'it', 'contact.formTypes', '[{"id": "consulta", "label": "Richiesta Generale"}, {"id": "cotizacion", "label": "Richiedi un Preventivo"}, {"id": "soporte", "label": "Supporto Tecnico"}, {"id": "revendedor", "label": "Diventa Rivenditore"}]'),
  (530, 'it', 'contact.fields.name', 'Nome completo'),
  (531, 'it', 'contact.fields.email', 'Email'),
  (532, 'it', 'contact.fields.phone', 'Telefono'),
  (533, 'it', 'contact.fields.country', 'Paese'),
  (534, 'it', 'contact.fields.vehicle', 'Tipo di veicolo'),
  (535, 'it', 'contact.fields.product', 'Prodotto di interesse'),
  (536, 'it', 'contact.fields.message', 'Messaggio'),
  (537, 'it', 'contact.fields.type', 'Tipo di richiesta'),
  (538, 'it', 'contact.placeholders.name', 'Il tuo nome'),
  (539, 'it', 'contact.placeholders.email', 'tu@email.com'),
  (540, 'it', 'contact.placeholders.phone', '+39 XXX XXX XXXX'),
  (541, 'it', 'contact.placeholders.country', 'Il tuo paese'),
  (542, 'it', 'contact.placeholders.vehicle', 'Camper, Autocarro, Furgone...'),
  (543, 'it', 'contact.placeholders.product', 'Slim Full, HDK 2800...'),
  (544, 'it', 'contact.placeholders.message', 'Dicci come possiamo aiutarti...'),
  (545, 'it', 'contact.cta', 'Invia Richiesta'),
  (546, 'it', 'contact.sending', 'Invio in corso...'),
  (547, 'it', 'contact.success', 'Richiesta inviata! Risponderemo entro 24 ore.'),
  (548, 'it', 'contact.error', 'Errore nell''invio. Riprova.'),
  (549, 'it', 'contact.whatsappSales', 'WhatsApp Vendite'),
  (550, 'it', 'contact.whatsappSupport', 'WhatsApp Supporto'),
  (551, 'it', 'contact.storeLink', 'Acquista nel Negozio Online'),
  (552, 'it', 'contact.addressTitle', 'Sede Principale'),
  (553, 'it', 'contact.schedule', 'Lunedì a Venerdì 9:00 - 18:00 hs'),
  (554, 'it', 'footer.tagline', 'Tecnologia che ti accompagna'),
  (555, 'it', 'footer.copyright', '© 2025 Neil Climatizadores. Tutti i diritti riservati.'),
  (556, 'it', 'footer.linkPrivacy', 'Politica sulla Privacy'),
  (557, 'it', 'footer.linkTerms', 'Termini e Condizioni'),
  (558, 'it', 'footer.linkDealers', 'Rivenditori'),
  (559, 'it', 'footer.linkSupport', 'Supporto Tecnico'),
  (560, 'it', 'footer.contactTitle', 'Contatti'),
  (561, 'it', 'footer.followTitle', 'Seguici'),
  (562, 'it', 'salesProposal.badge', 'PROPOSTA COMMERCIALE'),
  (563, 'it', 'salesProposal.disclaimer', 'Questa sezione è temporanea e non sarà visibile al cliente finale'),
  (564, 'it', 'salesProposal.headline', 'Neil merita una presenza digitale all''altezza della sua innovazione'),
  (565, 'it', 'salesProposal.legacyTitle', 'Sito attuale'),
  (566, 'it', 'salesProposal.newTitle', 'Nuova proposta'),
  (567, 'it', 'salesProposal.impactTitle', 'Impatto sul business'),
  (568, 'it', 'salesProposal.automationsTitle', 'Automazioni per area'),
  (569, 'it', 'salesProposal.consultingCta', 'Vedi altri progetti di automazione'),
  (570, 'it', 'salesProposal.signatureLabel', 'Preparato da'),
  (571, 'pt', 'lang', 'Português'),
  (572, 'pt', 'langCode', 'pt'),
  (573, 'pt', 'nav.products', 'Produtos'),
  (574, 'pt', 'nav.about', 'Sobre Nós'),
  (575, 'pt', 'nav.preCooling', 'Pré-Resfriamento'),
  (576, 'pt', 'nav.europe', 'Europa'),
  (577, 'pt', 'nav.contact', 'Contato'),
  (578, 'pt', 'nav.store', 'Loja Online'),
  (579, 'pt', 'nav.cta', 'Solicitar Orçamento'),
  (580, 'pt', 'hero.headline', 'Inovação e Conforto'),
  (581, 'pt', 'hero.highlight', 'para Cada Veículo'),
  (582, 'pt', 'hero.subheadline', 'Especialistas em climatização evaporativa, ar-condicionado e aquecimento para motorhomes, caminhões e veículos especiais. Tecnologia patenteada para o máximo conforto.'),
  (583, 'pt', 'hero.cta', 'Ver Produtos'),
  (584, 'pt', 'hero.ctaSecondary', 'Fale Conosco'),
  (585, 'pt', 'hero.statYears', 'Anos de experiência'),
  (586, 'pt', 'hero.statDealers', 'Revendedores oficiais'),
  (587, 'pt', 'hero.statCategories', 'Categorias de produtos'),
  (588, 'pt', 'hero.statLanguages', 'Idiomas de suporte'),
  (589, 'pt', 'about.sectionLabel', 'Nossa História'),
  (590, 'pt', 'about.title', '30 anos liderando a climatização veicular'),
  (591, 'pt', 'about.description', 'Na Neil Climatizadores, nos dedicamos há mais de 30 anos ao design, fabricação e instalação de climatizadores evaporativos para veículos. Destacamo-nos pelo nosso inovador «Sistema de Pré-Resfriamento» (Patente AR-031005B1), uma conquista tecnológica única nos mercados latino-americano e europeu.'),
  (592, 'pt', 'about.description2', 'Desde o início, mantivemos um foco firme com objetivos claros: Qualidade, Desenvolvimento, Serviço e Compromisso. Mantemo-nos firmes em nosso compromisso com o meio ambiente, desenvolvendo produtos que otimizam a eficiência energética.'),
  (593, 'pt', 'about.pillars', '[{"title": "Qualidade", "desc": "Os melhores materiais e tecnologia avançada para máxima qualidade em cada produto."}, {"title": "Desenvolvimento", "desc": "Constantemente em busca de novas tecnologias para melhorar cada dia a qualidade dos nossos equipamentos."}, {"title": "Serviço", "desc": "Oferecemos o melhor atendimento aos nossos clientes com respostas claras a cada consulta."}, {"title": "Compromisso", "desc": "Melhoria contínua e compromisso permanente com o cliente e o meio ambiente."}]'),
  (594, 'pt', 'about.qualityPolicy', 'Política de Qualidade'),
  (595, 'pt', 'about.qualityDesc', 'Nossa organização está comprometida com a melhoria contínua da eficácia do nosso sistema, antecipando possíveis não conformidades para garantir um maior nível de satisfação do cliente.'),
  (596, 'pt', 'about.mediaTitle', 'Neil na mídia'),
  (597, 'pt', 'about.mediaSub', 'Reconhecido pelos líderes do setor de transporte e motorhome'),
  (598, 'pt', 'products.sectionLabel', 'Nossos Produtos'),
  (599, 'pt', 'products.title', 'Soluções para cada necessidade'),
  (600, 'pt', 'products.subtitle', 'Climatizadores evaporativos, ar-condicionado, caldeiras e energia para motorhomes, caminhões e veículos especiais.'),
  (601, 'pt', 'products.categories.climatizadores.title', 'Climatizadores Evaporativos'),
  (602, 'pt', 'products.categories.climatizadores.subtitle', 'Sistema de Pré-Resfriamento Exclusivo'),
  (603, 'pt', 'products.categories.climatizadores.description', 'Climatizadores evaporativos com o exclusivo Sistema de Pré-Resfriamento (Patente AR-031005B1). Ultra-planos, 100% silenciosos e baixo consumo.'),
  (604, 'pt', 'products.categories.climatizadores.badge', 'Patente Exclusiva'),
  (605, 'pt', 'products.categories.aire-acondicionado.title', 'Ar-Condicionado'),
  (606, 'pt', 'products.categories.aire-acondicionado.subtitle', 'Tecnologia Inverter 12V/24V'),
  (607, 'pt', 'products.categories.aire-acondicionado.description', 'Ar-condicionados com tecnologia Inverter 12V e 24V para motorhomes e caminhões. Alta eficiência com baixo consumo de bateria.'),
  (608, 'pt', 'products.categories.aire-acondicionado.badge', 'Inverter'),
  (609, 'pt', 'products.categories.calderas.title', 'Aquecedores Diesel'),
  (610, 'pt', 'products.categories.calderas.subtitle', 'Aquecimento eficiente 12V/24V'),
  (611, 'pt', 'products.categories.calderas.description', 'Aquecedores diesel de alta eficiência para veículos. Funcionamento 100% silencioso sem necessidade de manter o motor ligado e máximo conforto no inverno.'),
  (612, 'pt', 'products.categories.calderas.badge', 'Diesel'),
  (613, 'pt', 'products.categories.energia.title', 'Energia & Solar'),
  (614, 'pt', 'products.categories.energia.subtitle', 'Geradores portáteis'),
  (615, 'pt', 'products.categories.energia.description', 'Linhas Genki e Bluetti de geradores solares portáteis, kits solares e estações de carregamento. Energia autônoma para suas aventuras.'),
  (616, 'pt', 'products.categories.energia.badge', 'Solar'),
  (617, 'pt', 'products.categories.accesorios.title', 'Acessórios'),
  (618, 'pt', 'products.categories.accesorios.subtitle', 'Mais para o seu veículo'),
  (619, 'pt', 'products.categories.accesorios.description', 'Macaco elétrico 12V e sistema TPMS de monitoramento de pressão dos pneus. Soluções práticas para o viajante exigente.'),
  (620, 'pt', 'products.categories.accesorios.badge', '12V'),
  (621, 'pt', 'products.specsTitle', 'Especificações'),
  (622, 'pt', 'products.viewMore', 'Ver mais'),
  (623, 'pt', 'products.buyNow', 'Comprar'),
  (624, 'pt', 'products.newBadge', 'Novo'),
  (625, 'pt', 'products.patentedBadge', 'Patenteado'),
  (626, 'pt', 'preCooling.sectionLabel', 'Tecnologia Exclusiva'),
  (627, 'pt', 'preCooling.title', 'Sistema de Pré-Resfriamento'),
  (628, 'pt', 'preCooling.highlight', 'Patente AR-031005B1'),
  (629, 'pt', 'preCooling.description', 'O exclusivo Sistema de Pré-Resfriamento, patenteado pela Neil (Patente: AR-031005B1), alcança máximo poder de resfriamento mantendo um clima fresco e agradável no interior do veículo.'),
  (630, 'pt', 'preCooling.description2', 'Ao contrário dos climatizadores convencionais, o sistema de Pré-Resfriamento ativa um pré-resfriamento da água antes de sua distribuição, obtendo temperaturas significativamente mais baixas com o mesmo consumo energético.'),
  (631, 'pt', 'preCooling.features', '[{"title": "Máximo Resfriamento", "desc": "Temperatura até 8°C mais baixa do que os sistemas convencionais"}, {"title": "100% Silencioso", "desc": "Bombas Brushless de última geração, sem ruído ou vibração"}, {"title": "Baixo Consumo", "desc": "Eficiência energética superior, prolonga a vida da bateria"}, {"title": "Anti-Derramamento", "desc": "Sistema vedado que evita derramamentos de água em curvas e frenagens"}]'),
  (632, 'pt', 'preCooling.cta', 'Ver Climatizadores'),
  (633, 'pt', 'europe.sectionLabel', 'Presença Internacional'),
  (634, 'pt', 'europe.title', 'Neil na Europa'),
  (635, 'pt', 'europe.description', 'Os climatizadores Neil são comercializados em todo o continente europeu para o exigente mercado de motorhomes. Seu excelente desempenho, baixo consumo de bateria e estética incomparável os tornam um complemento ideal para aventuras em autocaravana.'),
  (636, 'pt', 'europe.description2', 'Contamos com revendedores oficiais na França, Itália, Espanha, Portugal, Alemanha e Reino Unido, fornecendo suporte técnico e garantia em cada país.'),
  (637, 'pt', 'europe.cta', 'Encontrar Revendedor'),
  (638, 'pt', 'europe.dealersTitle', 'Revendedores Oficiais'),
  (639, 'pt', 'europe.countries', '["França", "Itália", "Espanha", "Portugal", "Alemanha", "Reino Unido"]'),
  (640, 'pt', 'contact.sectionLabel', 'Vamos conversar'),
  (641, 'pt', 'contact.title', 'Fale Conosco'),
  (642, 'pt', 'contact.subtitle', 'Estamos disponíveis para consultas técnicas, orçamentos e suporte em todos os nossos mercados.'),
  (643, 'pt', 'contact.formTypes', '[{"id": "consulta", "label": "Consulta Geral"}, {"id": "cotizacion", "label": "Solicitar Orçamento"}, {"id": "soporte", "label": "Suporte Técnico"}, {"id": "revendedor", "label": "Quero ser Revendedor"}]'),
  (644, 'pt', 'contact.fields.name', 'Nome completo'),
  (645, 'pt', 'contact.fields.email', 'Email'),
  (646, 'pt', 'contact.fields.phone', 'Telefone'),
  (647, 'pt', 'contact.fields.country', 'País'),
  (648, 'pt', 'contact.fields.vehicle', 'Tipo de veículo'),
  (649, 'pt', 'contact.fields.product', 'Produto de interesse'),
  (650, 'pt', 'contact.fields.message', 'Mensagem'),
  (651, 'pt', 'contact.fields.type', 'Tipo de consulta'),
  (652, 'pt', 'contact.placeholders.name', 'Seu nome'),
  (653, 'pt', 'contact.placeholders.email', 'voce@email.com'),
  (654, 'pt', 'contact.placeholders.phone', '+55 11 XXXX-XXXX'),
  (655, 'pt', 'contact.placeholders.country', 'Seu país'),
  (656, 'pt', 'contact.placeholders.vehicle', 'Motorhome, Caminhão, Van...'),
  (657, 'pt', 'contact.placeholders.product', 'Slim Full, HDK 2800...'),
  (658, 'pt', 'contact.placeholders.message', 'Conte-nos como podemos ajudá-lo...'),
  (659, 'pt', 'contact.cta', 'Enviar Consulta'),
  (660, 'pt', 'contact.sending', 'Enviando...'),
  (661, 'pt', 'contact.success', 'Consulta enviada! Responderemos em menos de 24 horas.'),
  (662, 'pt', 'contact.error', 'Erro ao enviar. Por favor tente novamente.'),
  (663, 'pt', 'contact.whatsappSales', 'WhatsApp Vendas'),
  (664, 'pt', 'contact.whatsappSupport', 'WhatsApp Suporte'),
  (665, 'pt', 'contact.storeLink', 'Comprar na Loja Online'),
  (666, 'pt', 'contact.addressTitle', 'Sede Principal'),
  (667, 'pt', 'contact.schedule', 'Segunda a Sexta 9:00 - 18:00 hs'),
  (668, 'pt', 'footer.tagline', 'Tecnologia que te acompanha'),
  (669, 'pt', 'footer.copyright', '© 2025 Neil Climatizadores. Todos os direitos reservados.'),
  (670, 'pt', 'footer.linkPrivacy', 'Política de Privacidade'),
  (671, 'pt', 'footer.linkTerms', 'Termos e Condições'),
  (672, 'pt', 'footer.linkDealers', 'Revendedores'),
  (673, 'pt', 'footer.linkSupport', 'Suporte Técnico'),
  (674, 'pt', 'footer.contactTitle', 'Contato'),
  (675, 'pt', 'footer.followTitle', 'Siga-nos'),
  (676, 'pt', 'salesProposal.badge', 'PROPOSTA COMERCIAL'),
  (677, 'pt', 'salesProposal.disclaimer', 'Esta seção é temporária e não será visível para o cliente final'),
  (678, 'pt', 'salesProposal.headline', 'Neil merece uma presença digital à altura da sua inovação'),
  (679, 'pt', 'salesProposal.legacyTitle', 'Site atual'),
  (680, 'pt', 'salesProposal.newTitle', 'Nova proposta'),
  (681, 'pt', 'salesProposal.impactTitle', 'Impacto no negócio'),
  (682, 'pt', 'salesProposal.automationsTitle', 'Automações por área'),
  (683, 'pt', 'salesProposal.consultingCta', 'Ver mais projetos de automação'),
  (684, 'pt', 'salesProposal.signatureLabel', 'Preparado por');
SELECT setval('neil_translations_id_seq', 684);

-- ep_config (JSONB blobs — everything except history timeline/gallery)
INSERT INTO ep_config (id, meta, brand, hero, about, services, quality, values_section, contact, footer, automations, sales_proposal) VALUES
  (1,
   '{"siteName": "El Portugués S.A.", "siteUrl": "https://mgobeaalcoba.github.io/elportugues", "description": "Transporte El Portugués Logística y Distribución S.A. — Más de 80 años de experiencia en logística, distribución y almacenamiento. Certificados ISO 9001:2015.", "keywords": "logística, distribución, almacenamiento, transporte, AMBA, Argentina, ISO 9001", "language": "es-AR"}'::jsonb,
   '{"name": "El Portugués", "legalName": "Transporte El Portugués Logística y Distribución S.A.", "tagline": "Logística, distribución y almacenamiento", "subTagline": "Nuestro radio de operaciones se extiende desde el AMBA a cualquier región del país", "founded": 1927, "yearsOfExperience": "80+", "logo": "https://elportuguessa.com.ar/wp-content/uploads/2024/07/logo-el-protugues-footer.png", "logoFooter": "https://elportuguessa.com.ar/wp-content/uploads/2024/07/logo-el-protugues-footer.png", "primaryColor": "#0CC1C1", "accentColor": "#2D4F8F"}'::jsonb,
   '{"headline": "Logística", "headlineHighlight": "distribución y almacenamiento", "subheadline": "Nuestro radio de operaciones se extiende desde el AMBA a cualquier región del país", "cta": {"primary": {"text": "Solicitar Cotización", "anchor": "#contacto"}, "secondary": {"text": "Conocer Servicios", "anchor": "#servicios"}}, "stats": [{"value": "80+", "label": "Años de experiencia"}, {"value": "70+", "label": "Equipos propios"}, {"value": "8.200", "label": "m² de depósito"}, {"value": "ISO 9001", "label": "Certificación :2015"}], "backgroundImages": ["https://elportuguessa.com.ar/wp-content/uploads/2024/07/EP-Home-1-scaled.jpg", "https://elportuguessa.com.ar/wp-content/uploads/2024/07/EP-Home-2-scaled.jpg", "https://elportuguessa.com.ar/wp-content/uploads/2024/07/EP-Home-3-scaled.jpg"]}'::jsonb,
   '{"sectionLabel": "// bienvenidos A", "title": "Transporte El Portugués S.A.", "description": "Con ocho décadas de experiencia en el mercado, en Transporte El Portugués Logística y Distribución S.A., nos hemos consolidado como una empresa líder en la prestación de servicios logísticos, de distribución y almacenaje. Nos destacamos por nuestra capacidad para ofrecer soluciones ágiles y efectivas, adaptadas específicamente a las necesidades de cada uno de nuestros clientes.", "image": "https://elportuguessa.com.ar/wp-content/uploads/2024/11/quienes-somos-2.png", "imageAlt": "Equipo El Portugués S.A.", "pillars": [{"number": "01", "title": "Logística", "description": "Contamos con una flota de transporte propia de más de 70 equipos"}, {"number": "02", "title": "Distribución", "description": "Contamos con una red de operaciones que abarca el AMBA y distintos puntos del país"}, {"number": "03", "title": "Almacenamiento", "description": "Contamos con depósitos diseñados y equipados para el correcto almacenamiento de las mercaderías"}]}'::jsonb,
   '{"sectionLabel": "// Soluciones", "title": "Logísticas Integradas para su Negocio", "description": "En Transporte El Portugués Logística y Distribución SA, estamos en constante evolución junto a nuestros clientes, ofreciendo una gama completa de servicios logísticos diseñados para adaptarse a las necesidades cambiantes de su negocio.", "heroImage": "https://elportuguessa.com.ar/wp-content/uploads/2024/08/back-hero-interior-servicios.jpg", "categories": [{"id": "transporte", "title": "Gestión de Transporte", "icon": "Truck", "services": [{"number": "01", "title": "Cargas Generales", "description": "Transporte y distribución de cargas generales en toda la región AMBA y el interior del país."}, {"number": "02", "title": "Cargas Refrigeradas y Congeladas", "description": "Transporte y distribución con cadena de frío garantizada, hasta -20 °C."}, {"number": "03", "title": "Cargas Consolidadas y Completas (LTL/FTL)", "description": "Soluciones flexibles tanto para cargas parciales como completas."}, {"number": "04", "title": "Cadenas de Retail", "description": "Abastecimiento especializado a cadenas de retail con gestión de ventanas horarias."}, {"number": "05", "title": "Logística Inversa", "description": "Gestión completa de devoluciones y logística inversa."}, {"number": "06", "title": "Habilitaciones", "description": "Operaciones con habilitaciones SENASA, Municipales, REBA y más."}], "image": "https://elportuguessa.com.ar/wp-content/uploads/2024/07/back-distribucion-2.png"}, {"id": "almacenaje", "title": "Gestión de Almacenes", "icon": "Warehouse", "highlight": "8.200 m²", "highlightLabel": "disponible para su operación", "description": "Almacenes con un diseño inteligente y prácticas de almacenamiento ágil, aseguramos la guarda efectiva de los productos y rápida disponibilidad para el siguiente paso en la cadena de suministro.", "types": ["Almacén de secos o temperatura ambiente", "Almacén refrigerado, con cámaras de entre 3 y 12 ºC", "Almacén con Temperatura controlada"], "features": ["Recepción, acondicionamiento y clasificación", "Consolidado y desconsolidado de Contenedores", "Estibaje y movimiento de cargas", "Picking y planificación de abastecimiento", "Almacenaje de cargas secas y refrigeradas", "Gestión de Devoluciones e Identificación de Material No Conforme", "Gestión integral de stocks", "Auditoría y control permanente"], "security": "Vigilancia, Monitoreo y Alarmas las 24 horas", "images": ["https://elportuguessa.com.ar/wp-content/uploads/2024/07/img-deposito-3100-1.png", "https://elportuguessa.com.ar/wp-content/uploads/2024/07/img-deposito-5100-1.png"]}], "coverage": {"title": "Nuestra Cobertura Logística", "description": "Contamos con una red de operaciones que abarca el AMBA y distintos puntos del país, con la flexibilidad de ampliar este alcance según los requerimientos de cada cliente.", "regions": ["AMBA", "Gran Buenos Aires", "Interior de la Provincia", "Interior del País"]}}'::jsonb,
   '{"sectionLabel": "// ISO 9001:2015", "title": "Política de Gestión de Calidad", "certImage": "https://elportuguessa.com.ar/wp-content/uploads/2024/08/certificacion-iso.png", "certImages": ["https://elportuguessa.com.ar/wp-content/uploads/2025/08/certificacion-iso-3.png", "https://elportuguessa.com.ar/wp-content/uploads/2025/08/certificacion-iso-4.png"], "systemImage": "https://elportuguessa.com.ar/wp-content/uploads/2024/08/img-sistema-de-gestion.png", "commitments": ["El Portugués Logística y Distribución S.A brinda servicios de almacenamiento y transporte de alimentos a sus clientes, asumiendo como política de la calidad los lineamientos en conformidad con los requisitos de la norma ISO 9001:2015.", "La principal preocupación es la convicción de lograr la máxima satisfacción de nuestros clientes, asegurando los más altos niveles de calidad, eficacia e inocuidad alimentaria.", "Nos enfocamos constantemente para que nuestros servicios se enmarquen en la mejora continua de la eficacia de nuestro sistema de gestión de la calidad.", "Llevamos adelante estos compromisos con la participación activa de nuestros colaboradores, a quienes les brindamos capacitación y formación permanente."]}'::jsonb,
   '{"sectionLabel": "// Nuestro Compromiso con la", "title": "Calidad y la Integridad", "description": "En Transporte El Portugués Logística y Distribución S.A., nos regimos por valores fundamentales que son la base de nuestra identidad como organización.", "items": [{"number": "01", "title": "Eficiencia", "description": "El compromiso con la satisfacción del cliente, la integridad en cada acción, el valor de nuestra palabra y el profesionalismo en todo lo que hacemos son pilares que guían nuestro trabajo a lo largo del tiempo.", "icon": "Zap"}, {"number": "02", "title": "Satisfacción del Cliente", "description": "Estos valores no solo nos nutren como organización, sino que también son la fuerza impulsora detrás de cada uno de nuestros logros y la razón por la cual nuestros clientes confían en nosotros.", "icon": "Heart"}, {"number": "03", "title": "Excelencia", "description": "En Transporte El Portugués, estamos comprometidos a seguir ofreciendo servicios de la más alta calidad y a mantenernos a la vanguardia de la industria, brindando soluciones innovadoras.", "icon": "Star"}]}'::jsonb,
   '{"sectionLabel": "// Detalles de contacto", "title": "Contáctenos", "description": "Para información, asesoramiento o agendar una reunión, complete nuestro Formulario de Contacto o utilice nuestras otras vías de comunicación.", "location": {"address": "Av. 2 de Abril 1521", "city": "Paso del Rey", "province": "Moreno, Buenos Aires", "country": "Argentina", "fullAddress": "Av. 2 de Abril 1521 – Paso del Rey – Moreno", "accessInfo": "A 200 metros del Acceso Oeste, a mil metros del Camino del Buen Ayre, con conexión directa a la Autopista Panamericana.", "googleMapsUrl": "https://maps.google.com/?q=Av.+2+de+Abril+1521,+Paso+del+Rey,+Moreno,+Buenos+Aires", "coordinates": {"lat": -34.638, "lng": -58.785}}, "emails": [{"address": "administracion@elportuguessa.com.ar", "label": "Administración"}, {"address": "reclamos@elportuguessa.com.ar", "label": "Reclamos"}], "phones": [{"number": "+54 11 5263-3137", "label": "Principal"}], "formTypes": ["Consultas", "Reclamos", "Cotización de servicios"], "formFields": [{"name": "name", "label": "Nombre completo", "type": "text", "required": true}, {"name": "email", "label": "E-mail", "type": "email", "required": true}, {"name": "phone", "label": "Teléfono", "type": "tel", "required": false}, {"name": "company", "label": "Empresa", "type": "text", "required": false}, {"name": "type", "label": "Tipo de mensaje", "type": "select", "required": true}, {"name": "message", "label": "Mensaje", "type": "textarea", "required": true}]}'::jsonb,
   '{"copyright": "© 2025 Transporte El Portugués Logística y Distribución S.A. Todos los derechos reservados.", "links": [{"label": "Inicio", "anchor": "#inicio"}, {"label": "Nosotros", "anchor": "#nosotros"}, {"label": "Servicios", "anchor": "#servicios"}, {"label": "Historia", "anchor": "#historia"}, {"label": "Contacto", "anchor": "#contacto"}]}'::jsonb,
   '{"contactLead": {"id": "contactLead", "title": "Lead Capture & Notificación Automática", "triggerLabel": "¿Qué sucede cuando enviás este formulario?", "description": "Al enviar el formulario de contacto o reclamo, se dispara un workflow en n8n que captura el lead, lo registra en el CRM y notifica al equipo comercial en segundos.", "steps": ["El formulario envía los datos al webhook de n8n vía HTTPS", "n8n valida y enriquece los datos del lead (empresa, sector, urgencia)", "Se crea un registro automático en el CRM con todos los campos del formulario", "Se dispara un e-mail de respuesta automática al cliente confirmando la recepción", "El equipo comercial recibe una notificación instantánea por WhatsApp Business y/o Slack", "Se agenda una tarea de seguimiento en el calendario del responsable asignado"], "techStack": [{"name": "n8n", "role": "Orquestador de workflows"}, {"name": "Webhook", "role": "Trigger HTTP"}, {"name": "Gmail API", "role": "E-mail automático al cliente"}, {"name": "WhatsApp Business", "role": "Notificación al equipo"}, {"name": "Google Sheets / CRM", "role": "Registro del lead"}, {"name": "GA4", "role": "Tracking del evento lead_form_sent"}], "benefits": ["Tiempo de respuesta < 2 minutos vs. horas en el proceso actual", "Cero leads perdidos por falta de seguimiento manual", "Historial centralizado de cada contacto desde el primer mensaje", "El equipo comercial actúa sobre datos calientes, no sobre un inbox desordenado", "Escala sin contratar personal adicional"]}, "quoteRequest": {"id": "quoteRequest", "title": "Pipeline de Cotización Automatizado", "triggerLabel": "¿Qué sucede cuando solicitás una cotización?", "description": "Al solicitar una cotización de servicios, n8n inicia un pipeline completo: registra la oportunidad, notifica al área comercial, y puede pre-calcular una estimación de precio basada en los datos ingresados.", "steps": ["El formulario envía la solicitud al webhook de cotización de n8n", "n8n extrae los parámetros clave: tipo de carga, origen, destino, frecuencia", "Se crea una oportunidad en el pipeline comercial con estado ''Nueva''", "El sistema pre-calcula una estimación de rango de precio según tarifario vigente", "Se envía al cliente una confirmación con plazo estimado de respuesta formal", "El área comercial recibe un brief completo para elaborar la cotización definitiva", "Un reminder automático notifica al equipo si no se respondió en 24 horas"], "techStack": [{"name": "n8n", "role": "Orquestador del pipeline"}, {"name": "Webhook", "role": "Trigger HTTP"}, {"name": "Gmail API", "role": "Confirmación al cliente y cotización"}, {"name": "WhatsApp Business", "role": "Alerta urgente al área comercial"}, {"name": "Google Sheets", "role": "Tarifario y registro de oportunidades"}, {"name": "Slack / Teams", "role": "Canal de notificación interna"}, {"name": "GA4", "role": "Tracking del evento lead_form_sent"}], "benefits": ["El cliente recibe una pre-respuesta inmediata, mejorando la percepción de servicio", "El área comercial prioriza automáticamente por volumen y urgencia", "Seguimiento de conversión de cotización a contrato desde el día cero", "Elimina el riesgo de perder una oportunidad por demoras administrativas", "Datos históricos de cotizaciones para ajustar tarifas y detectar tendencias"]}}'::jsonb,
   '{"badge": "PROPUESTA COMERCIAL", "disclaimer": "Esta sección es de uso interno y temporal. Está dirigida al equipo decisor de El Portugués S.A. para evaluar la propuesta de migración y los servicios adicionales de automatización. No será visible en el sitio final.", "headline": "De un sitio legacy a una plataforma de negocios", "subheadline": "Lo que construimos en esta propuesta no es solo un rediseño. Es la base tecnológica para digitalizar las operaciones de El Portugués S.A. y convertir su presencia online en un activo que genera valor real.", "comparison": {"legacyLabel": "Sitio Legacy (Actual)", "newLabel": "Esta Propuesta", "legacyItems": ["WordPress con plantilla genérica, sin diferenciación", "Sin identidad visual de industria tech-logistics", "Formulario de contacto que llega a un inbox sin gestión", "Sin tracking de comportamiento ni métricas de conversión", "Imágenes y contenido sin estructura ni mantenimiento claro", "Sin automatizaciones: cada contacto requiere acción manual", "Velocidad y SEO limitados por plugins de WordPress", "Sin escalabilidad hacia un portal de clientes o tracking"], "newItems": ["Next.js 14 estático: carga instantánea, sin servidor, costo cero de hosting", "Estética ''Deep Dark Tech'' alineada con empresas logísticas líderes globales", "Formulario conectado a pipeline de automatización n8n desde el día uno", "GA4 con eventos custom: lead_form_sent, service_view, scroll_depth", "Toda la data en un content.json tipado, listo para migrar a CMS o base de datos", "Workflows de automatización por departamento listos para activar", "Lighthouse score > 90 en Performance, SEO y Accessibility", "Arquitectura preparada para portal de clientes, tracking de envíos y más"]}, "impactTitle": "Impacto potencial en el negocio", "impactItems": [{"stat": "−80%", "label": "Tiempo de respuesta a leads", "detail": "De horas a menos de 2 minutos con el pipeline n8n activado"}, {"stat": "×3", "label": "Tasa de conversión estimada", "detail": "Sites modernos con formularios automatizados convierten 3x más que formularios sin gestión"}, {"stat": "$0", "label": "Costo de hosting", "detail": "GitHub Pages + Next.js static export: infraestructura sin costos operativos"}, {"stat": "100%", "label": "Disponibilidad", "detail": "Sin servidor propio que mantener, sin caídas por actualizaciones de WordPress"}], "departments": [{"name": "Logística", "icon": "Truck", "color": "#0CC1C1", "automations": ["Tracking en tiempo real: alertas automáticas al cliente cuando el pedido sale, llega o se demora", "Optimización de rutas con IA: integración con Google Maps API para planificar recorridos eficientes", "Reporte diario de KPIs de flota enviado automáticamente a gerencia cada mañana", "Alertas de vencimiento de VTV, seguros y habilitaciones de cada unidad"]}, {"name": "Depósito", "icon": "Warehouse", "color": "#2D4F8F", "automations": ["Control de inventario en tiempo real con alertas de stock mínimo por SKU", "Registro automático de ingresos y egresos de mercadería vía QR o código de barras", "Reporte semanal de rotación de productos y espacio disponible por sector", "Notificación automática al cliente cuando su mercadería está lista para despacho"]}, {"name": "Administración", "icon": "FileText", "color": "#7C3AED", "automations": ["Generación automática de remitos y órdenes de trabajo desde el formulario de cotización", "Seguimiento de facturas impagas con recordatorios automáticos escalonados", "Conciliación bancaria semanal automatizada con alerta de diferencias", "Dashboard en tiempo real de cuentas por cobrar y por pagar"]}, {"name": "Recursos Humanos", "icon": "Users", "color": "#059669", "automations": ["Onboarding digital de choferes: checklist automático de documentación requerida", "Alertas de vencimiento de licencias de conducir y carnets habilitantes", "Gestión de ausencias y licencias con aprobación por WhatsApp", "Encuesta de clima laboral mensual automatizada con análisis de resultados"]}, {"name": "Gerencia", "icon": "BarChart2", "color": "#D97706", "automations": ["Informe ejecutivo semanal automatizado: facturación, entregas, incidentes y satisfacción", "Alertas de desvíos en indicadores clave (KPIs) con umbrales configurables", "Dashboard gerencial en tiempo real con datos de todas las áreas integradas", "Análisis de rentabilidad por cliente, ruta y tipo de servicio generado mensualmente"]}, {"name": "Contabilidad", "icon": "Calculator", "color": "#DC2626", "automations": ["Liquidación automática de haberes basada en horas y rutas del sistema de tracking", "Generación y envío de facturas electrónicas AFIP integradas al ciclo de operaciones", "Reporte mensual de gastos por unidad: combustible, peajes, mantenimiento", "Alertas de retenciones impositivas vencidas y obligaciones fiscales próximas"]}], "consultingUrl": "https://mgobeaalcoba.github.io/consulting/", "consultingCta": "Ver más servicios y propuestas de valor", "signature": "Creado por Mariano Gobea Alcoba como propuesta comercial. Todos los derechos reservados.", "signatureUrl": "https://mgobeaalcoba.github.io"}'::jsonb
);

-- ep_history_timeline (7 events)
INSERT INTO ep_history_timeline (year, event_es, event_en, title_es, title_en, description_es, description_en, sort_order) VALUES
  ('1927', NULL, NULL, 'Los inicios', 'The Beginnings',
   'Nuestra historia se inicia con el sueño de Don Tomás Viegas, inmigrante portugués, quien comenzó como chofer en la empresa de su cuñado Manuel Machadinho (M&M).',
   'Our history begins with the dream of Don Tomás Viegas, a Portuguese immigrant who started as a driver at his brother-in-law Manuel Machadinho''s company (M&M).',
   0),
  ('1937', NULL, NULL, 'Primer contrato', 'First Contract',
   'Don Tomás comenzó a trabajar para la Elaboradora Argentina de Cereales, que luego pasó a manos de The Quaker Oats Company. Con un préstamo de la compañía, compró su primer camión Chevrolet ''46.',
   'Don Tomás started working for the Argentine Cereal Processor, which later became The Quaker Oats Company. With a company loan, he bought his first Chevrolet ''46 truck.',
   1),
  ('1972', NULL, NULL, 'Formalización', 'Formalization',
   'Se formaliza la empresa como ''El Portugués'', consolidándose con un pequeño depósito y flota propia de camiones Dodge 600 y 800.',
   'The company was formally established as ''El Portugués'', consolidating with a small warehouse and its own fleet of Dodge 600 and 800 trucks.',
   2),
  ('1976', NULL, NULL, 'Expansión con Arcor', 'Expansion with Arcor',
   'Respaldados por la trayectoria junto a Quaker, comenzamos a trabajar para Arcor, obteniendo la distribución total de sus productos en la región.',
   'Backed by our track record with Quaker, we began working for Arcor, securing the full distribution of their products in the region.',
   3),
  ('1993', NULL, NULL, 'Nueva generación', 'New Generation',
   'Néstor y Walter Viegas, nietos de Don Tomás, comienzan su camino como choferes de sus propias unidades, incorporando la tercera generación al negocio familiar.',
   'Néstor and Walter Viegas, grandsons of Don Tomás, began their journey as drivers of their own units, bringing the third generation into the family business.',
   4),
  ('2015', NULL, NULL, 'Certificación ISO 9001', 'ISO 9001 Certification',
   'Obtención de la certificación ISO 9001:2015, consolidando el compromiso con la calidad y la mejora continua en todos los procesos.',
   'Obtaining the ISO 9001:2015 certification, consolidating the commitment to quality and continuous improvement across all processes.',
   5),
  ('HOY', NULL, NULL, 'Líderes en logística', 'Logistics Leaders',
   'Cuatro generaciones después, El Portugués S.A. opera una flota de más de 70 equipos y 8.200 m² de depósito, sirviendo a los clientes más exigentes del mercado.',
   'Four generations later, El Portugués S.A. operates a fleet of more than 70 vehicles and 8,200 m² of warehouse space, serving the most demanding clients in the market.',
   6);

-- ep_history_gallery (6 images)
INSERT INTO ep_history_gallery (image_url, sort_order) VALUES
  ('https://elportuguessa.com.ar/wp-content/uploads/2024/11/1.jpg', 0),
  ('https://elportuguessa.com.ar/wp-content/uploads/2024/11/2.jpg', 1),
  ('https://elportuguessa.com.ar/wp-content/uploads/2024/11/3.jpg', 2),
  ('https://elportuguessa.com.ar/wp-content/uploads/2024/11/4.jpg', 3),
  ('https://elportuguessa.com.ar/wp-content/uploads/2024/11/5.jpg', 4),
  ('https://elportuguessa.com.ar/wp-content/uploads/2024/11/6.jpg', 5);

-- =============================================================
-- Done. seed_v2.sql seeds 24 tables.
-- =============================================================